Order ID,Amount,Profit,Quantity,Category,Sub-Category,State,City,Year-Month
B-26776,9726,1275,5,Electronics,Electronic Games,Florida,Miami,2023-06
B-26776,9726,1275,5,Electronics,Electronic Games,Illinois,Chicago,2024-12
B-26776,9726,1275,5,Electronics,Electronic Games,New York,Buffalo,2021-07
B-26776,4975,1330,14,Electronics,Printers,Florida,Miami,2023-06
B-26776,4975,1330,14,Electronics,Printers,Illinois,Chicago,2024-12
B-26776,4975,1330,14,Electronics,Printers,New York,Buffalo,2021-07
B-26942,1525,185,12,Office Supplies,Pens,Florida,Orlando,2024-05
B-26942,1525,185,12,Office Supplies,Pens,Florida,Miami,2021-10
B-26640,883,117,10,Electronics,Laptops,California,Los Angeles,2022-11
B-26640,8127,3551,16,Furniture,Tables,California,Los Angeles,2022-11
B-25890,2516,734,19,Furniture,Chairs,New York,New York City,2023-11
B-25102,2975,462,14,Office Supplies,Pens,New York,New York City,2020-03
B-25426,6851,2812,1,Office Supplies,Markers,Florida,Orlando,2020-05
B-25426,7626,1046,15,Furniture,Sofas,Florida,Orlando,2020-05
B-25426,1023,78,9,Furniture,Tables,Florida,Orlando,2020-05
B-25238,7600,1098,10,Office Supplies,Pens,Illinois,Springfield,2023-11
B-25238,7501,262,18,Office Supplies,Paper,Illinois,Springfield,2023-11
B-25051,725,133,6,Office Supplies,Paper,New York,Rochester,2024-12
B-25051,7201,2685,2,Furniture,Tables,New York,Rochester,2024-12
B-26510,1629,265,1,Office Supplies,Paper,Texas,Dallas,2025-02
B-26510,1629,265,1,Office Supplies,Paper,California,San Diego,2024-01
B-25104,8971,2971,19,Office Supplies,Binders,California,San Diego,2020-11
B-25104,2939,894,20,Office Supplies,Binders,California,San Diego,2020-11
B-25553,9380,414,11,Electronics,Phones,New York,Rochester,2024-05
B-25553,8558,1644,18,Office Supplies,Binders,New York,Rochester,2024-05
B-25553,4080,72,17,Office Supplies,Paper,New York,Rochester,2024-05
B-26703,4206,1821,17,Electronics,Electronic Games,Texas,Austin,2022-01
B-26232,5219,1180,20,Office Supplies,Binders,New York,New York City,2021-12
B-26232,5219,1180,20,Office Supplies,Binders,California,San Francisco,2023-02
B-25394,3686,760,20,Office Supplies,Pens,California,San Francisco,2022-10
B-25394,3686,760,20,Office Supplies,Pens,Ohio,Columbus,2022-01
B-26157,6045,1606,4,Office Supplies,Paper,Florida,Orlando,2023-12
B-26157,9337,554,11,Office Supplies,Pens,Florida,Orlando,2023-12
B-25555,4051,1848,12,Electronics,Phones,California,San Diego,2023-07
B-25555,4051,1848,12,Electronics,Phones,Ohio,Cincinnati,2021-05
B-25555,5011,866,11,Furniture,Bookcases,California,San Diego,2023-07
B-25555,5011,866,11,Furniture,Bookcases,Ohio,Cincinnati,2021-05
B-26139,3958,630,15,Furniture,Sofas,Florida,Orlando,2022-10
B-26139,3132,963,1,Furniture,Tables,Florida,Orlando,2022-10
B-25032,7784,2937,12,Office Supplies,Markers,California,San Francisco,2024-08
B-25032,5591,1696,3,Office Supplies,Pens,California,San Francisco,2024-08
B-25032,5122,2413,12,Electronics,Electronic Games,California,San Francisco,2024-08
B-25730,8293,2632,8,Office Supplies,Binders,Ohio,Cleveland,2022-01
B-25730,8293,2632,8,Office Supplies,Binders,New York,Rochester,2020-10
B-25730,8293,2632,8,Office Supplies,Binders,California,Los Angeles,2023-08
B-25730,2863,205,17,Electronics,Phones,Ohio,Cleveland,2022-01
B-25730,2863,205,17,Electronics,Phones,New York,Rochester,2020-10
B-25730,2863,205,17,Electronics,Phones,California,Los Angeles,2023-08
B-26470,3090,573,6,Furniture,Tables,California,San Diego,2024-12
B-26470,3090,573,6,Furniture,Tables,Ohio,Cincinnati,2021-06
B-26470,3090,573,6,Furniture,Tables,Texas,Austin,2023-05
B-26470,3090,573,6,Furniture,Tables,Texas,Dallas,2021-10
B-26470,9683,1014,5,Electronics,Printers,California,San Diego,2024-12
B-26470,9683,1014,5,Electronics,Printers,Ohio,Cincinnati,2021-06
B-26470,9683,1014,5,Electronics,Printers,Texas,Austin,2023-05
B-26470,9683,1014,5,Electronics,Printers,Texas,Dallas,2021-10
B-25988,2463,648,18,Furniture,Tables,Ohio,Cincinnati,2022-09
B-25568,7811,1538,12,Furniture,Sofas,Florida,Miami,2022-03
B-26730,6139,451,10,Furniture,Tables,Florida,Orlando,2022-02
B-26730,6139,451,10,Furniture,Tables,Texas,Houston,2021-04
B-26730,8636,3192,3,Furniture,Chairs,Florida,Orlando,2022-02
B-26730,8636,3192,3,Furniture,Chairs,Texas,Houston,2021-04
B-26730,4439,1712,19,Furniture,Sofas,Florida,Orlando,2022-02
B-26730,4439,1712,19,Furniture,Sofas,Texas,Houston,2021-04
B-25372,1016,172,20,Furniture,Tables,New York,Buffalo,2020-11
B-25372,5768,2059,14,Furniture,Tables,New York,Buffalo,2020-11
B-25372,1217,151,3,Furniture,Tables,New York,Buffalo,2020-11
B-26026,953,93,2,Office Supplies,Paper,Ohio,Cleveland,2024-12
B-26026,953,93,2,Office Supplies,Paper,California,Los Angeles,2023-04
B-26026,7355,1034,3,Furniture,Sofas,Ohio,Cleveland,2024-12
B-26026,7355,1034,3,Furniture,Sofas,California,Los Angeles,2023-04
B-26026,1843,248,3,Electronics,Phones,Ohio,Cleveland,2024-12
B-26026,1843,248,3,Electronics,Phones,California,Los Angeles,2023-04
B-26026,1603,361,10,Office Supplies,Pens,Ohio,Cleveland,2024-12
B-26026,1603,361,10,Office Supplies,Pens,California,Los Angeles,2023-04
B-25295,2025,528,1,Office Supplies,Pens,Florida,Miami,2024-01
B-25295,6800,167,16,Office Supplies,Binders,Florida,Miami,2024-01
B-26121,1126,55,1,Furniture,Bookcases,Florida,Tampa,2022-01
B-26121,1126,55,1,Furniture,Bookcases,New York,Buffalo,2022-12
B-25560,7533,3508,12,Furniture,Tables,California,San Diego,2023-07
B-25560,4734,1178,16,Office Supplies,Binders,California,San Diego,2023-07
B-25560,4074,1175,6,Electronics,Electronic Games,California,San Diego,2023-07
B-25560,2334,484,3,Furniture,Sofas,California,San Diego,2023-07
B-26076,2750,1239,11,Electronics,Phones,New York,Buffalo,2025-03
B-26076,2750,1239,11,Electronics,Phones,Ohio,Cleveland,2024-09
B-26076,8639,3104,19,Office Supplies,Pens,New York,Buffalo,2025-03
B-26076,8639,3104,19,Office Supplies,Pens,Ohio,Cleveland,2024-09
B-25872,3808,1192,4,Office Supplies,Markers,New York,New York City,2020-04
B-25872,2588,705,16,Office Supplies,Pens,New York,New York City,2020-04
B-26185,1591,727,5,Electronics,Electronic Games,Illinois,Springfield,2022-06
B-26185,1591,727,5,Electronics,Electronic Games,Florida,Tampa,2021-03
B-26185,1591,727,5,Electronics,Electronic Games,Ohio,Cincinnati,2022-02
B-26259,1757,622,10,Furniture,Chairs,Ohio,Cleveland,2022-03
B-26259,1757,622,10,Furniture,Chairs,Illinois,Peoria,2022-11
B-25142,6940,253,15,Furniture,Bookcases,Florida,Orlando,2021-11
B-25142,5105,465,5,Electronics,Printers,Florida,Orlando,2021-11
B-25326,5578,277,16,Furniture,Tables,Florida,Miami,2021-08
B-25326,5578,277,16,Furniture,Tables,Ohio,Columbus,2022-05
B-26795,5224,1958,16,Furniture,Chairs,Texas,Houston,2023-07
B-26795,5002,1801,11,Office Supplies,Markers,Texas,Houston,2023-07
B-26795,7380,1673,18,Office Supplies,Markers,Texas,Houston,2023-07
B-25660,7595,2873,4,Furniture,Chairs,California,Los Angeles,2020-08
B-25660,7595,2873,4,Furniture,Chairs,New York,Rochester,2022-04
B-25410,1954,294,7,Furniture,Sofas,Texas,Austin,2022-12
B-25690,523,95,20,Electronics,Printers,Texas,Dallas,2024-12
B-26464,5704,714,13,Electronics,Laptops,Texas,Austin,2022-02
B-26464,5704,714,13,Electronics,Laptops,California,San Diego,2021-12
B-26464,8797,1010,8,Furniture,Tables,Texas,Austin,2022-02
B-26464,8797,1010,8,Furniture,Tables,California,San Diego,2021-12
B-26464,9236,2899,5,Electronics,Laptops,Texas,Austin,2022-02
B-26464,9236,2899,5,Electronics,Laptops,California,San Diego,2021-12
B-26454,9109,586,17,Furniture,Sofas,Florida,Miami,2020-05
B-26742,4358,526,19,Electronics,Phones,Texas,Dallas,2022-12
B-26742,4358,526,19,Electronics,Phones,California,San Francisco,2024-09
B-26742,6459,825,8,Electronics,Phones,Texas,Dallas,2022-12
B-26742,6459,825,8,Electronics,Phones,California,San Francisco,2024-09
B-25510,2478,92,12,Furniture,Bookcases,California,San Francisco,2023-05
B-25510,2478,92,12,Furniture,Bookcases,New York,New York City,2021-03
B-25510,2478,92,12,Furniture,Bookcases,California,San Francisco,2021-03
B-25510,2478,92,12,Furniture,Bookcases,Ohio,Cleveland,2023-04
B-25936,9992,3696,20,Office Supplies,Pens,New York,Rochester,2021-10
B-25936,9992,3696,20,Office Supplies,Pens,Texas,Austin,2022-04
B-25936,9992,3696,20,Office Supplies,Pens,New York,Rochester,2022-08
B-25936,9619,3420,7,Office Supplies,Binders,New York,Rochester,2021-10
B-25936,9619,3420,7,Office Supplies,Binders,Texas,Austin,2022-04
B-25936,9619,3420,7,Office Supplies,Binders,New York,Rochester,2022-08
B-25884,9538,3158,20,Electronics,Printers,California,San Francisco,2024-09
B-25884,9538,3158,20,Electronics,Printers,Ohio,Cleveland,2021-05
B-25884,9035,1227,14,Furniture,Chairs,California,San Francisco,2024-09
B-25884,9035,1227,14,Furniture,Chairs,Ohio,Cleveland,2021-05
B-26287,2684,670,2,Office Supplies,Paper,Florida,Tampa,2024-07
B-26287,822,147,5,Furniture,Sofas,Florida,Tampa,2024-07
B-26287,9730,2341,2,Furniture,Chairs,Florida,Tampa,2024-07
B-26287,2483,236,2,Electronics,Electronic Games,Florida,Tampa,2024-07
B-26564,1297,600,7,Office Supplies,Binders,Florida,Orlando,2024-02
B-26564,7909,1942,19,Electronics,Phones,Florida,Orlando,2024-02
B-26293,9768,4518,8,Furniture,Tables,Texas,Dallas,2021-11
B-26293,4968,934,5,Furniture,Sofas,Texas,Dallas,2021-11
B-26293,1731,149,4,Electronics,Laptops,Texas,Dallas,2021-11
B-25915,3433,1169,10,Office Supplies,Binders,California,San Francisco,2024-02
B-25915,3433,1169,10,Office Supplies,Binders,Illinois,Springfield,2021-09
B-25915,3433,1169,10,Office Supplies,Binders,California,San Diego,2021-09
B-25915,3887,1490,1,Office Supplies,Binders,California,San Francisco,2024-02
B-25915,3887,1490,1,Office Supplies,Binders,Illinois,Springfield,2021-09
B-25915,3887,1490,1,Office Supplies,Binders,California,San Diego,2021-09
B-26496,1801,641,20,Office Supplies,Markers,California,Los Angeles,2024-07
B-26496,5301,817,10,Furniture,Tables,California,Los Angeles,2024-07
B-26496,1166,520,12,Office Supplies,Paper,California,Los Angeles,2024-07
B-26496,3196,1411,15,Office Supplies,Paper,California,Los Angeles,2024-07
B-25856,3428,350,1,Furniture,Chairs,Illinois,Springfield,2023-02
B-25856,7223,2433,12,Office Supplies,Binders,Illinois,Springfield,2023-02
B-25856,3731,647,1,Office Supplies,Pens,Illinois,Springfield,2023-02
B-26899,8903,4401,18,Office Supplies,Pens,Ohio,Columbus,2022-08
B-25916,6009,2107,7,Electronics,Phones,Illinois,Chicago,2022-12
B-25916,6009,2107,7,Electronics,Phones,Texas,Austin,2024-04
B-25916,2858,230,3,Furniture,Tables,Illinois,Chicago,2022-12
B-25916,2858,230,3,Furniture,Tables,Texas,Austin,2024-04
B-25916,8175,525,7,Furniture,Sofas,Illinois,Chicago,2022-12
B-25916,8175,525,7,Furniture,Sofas,Texas,Austin,2024-04
B-25916,5846,586,18,Furniture,Sofas,Illinois,Chicago,2022-12
B-25916,5846,586,18,Furniture,Sofas,Texas,Austin,2024-04
B-26428,706,197,11,Electronics,Laptops,Texas,Austin,2022-01
B-26332,9835,2571,16,Furniture,Tables,Texas,Dallas,2022-06
B-26332,9835,2571,16,Furniture,Tables,Florida,Orlando,2021-11
B-26332,9835,2571,16,Furniture,Tables,California,Los Angeles,2022-08
B-26332,9691,3056,13,Office Supplies,Markers,Texas,Dallas,2022-06
B-26332,9691,3056,13,Office Supplies,Markers,Florida,Orlando,2021-11
B-26332,9691,3056,13,Office Supplies,Markers,California,Los Angeles,2022-08
B-26332,7826,1221,14,Furniture,Bookcases,Texas,Dallas,2022-06
B-26332,7826,1221,14,Furniture,Bookcases,Florida,Orlando,2021-11
B-26332,7826,1221,14,Furniture,Bookcases,California,Los Angeles,2022-08
B-25303,770,241,11,Furniture,Sofas,Texas,Austin,2021-11
B-25303,770,241,11,Furniture,Sofas,Ohio,Cincinnati,2023-03
B-26507,9895,1598,20,Furniture,Bookcases,New York,Rochester,2023-12
B-25983,6517,1581,10,Office Supplies,Paper,Florida,Miami,2024-05
B-25983,6517,1581,10,Office Supplies,Paper,Florida,Tampa,2020-05
B-25983,1166,349,11,Furniture,Tables,Florida,Miami,2024-05
B-25983,1166,349,11,Furniture,Tables,Florida,Tampa,2020-05
B-25156,9820,793,16,Furniture,Chairs,New York,Buffalo,2021-08
B-26759,8563,2624,8,Office Supplies,Binders,Texas,Dallas,2024-11
B-26759,4441,281,20,Electronics,Printers,Texas,Dallas,2024-11
B-26244,7340,2271,8,Office Supplies,Paper,Florida,Orlando,2021-12
B-26244,5442,1610,1,Electronics,Phones,Florida,Orlando,2021-12
B-26365,1895,391,14,Furniture,Tables,Florida,Tampa,2024-07
B-26365,5323,322,13,Office Supplies,Binders,Florida,Tampa,2024-07
B-26212,8850,279,13,Office Supplies,Markers,Florida,Miami,2024-06
B-26212,8667,1266,6,Office Supplies,Paper,Florida,Miami,2024-06
B-25042,6903,105,1,Furniture,Tables,Illinois,Chicago,2024-05
B-25042,8793,3010,7,Office Supplies,Pens,Illinois,Chicago,2024-05
B-25901,9883,4812,16,Office Supplies,Paper,New York,Buffalo,2020-10
B-25901,9883,4812,16,Office Supplies,Paper,Florida,Orlando,2022-08
B-25901,9883,4812,16,Office Supplies,Paper,Illinois,Springfield,2021-10
B-25901,5210,1185,7,Office Supplies,Paper,New York,Buffalo,2020-10
B-25901,5210,1185,7,Office Supplies,Paper,Florida,Orlando,2022-08
B-25901,5210,1185,7,Office Supplies,Paper,Illinois,Springfield,2021-10
B-26747,3574,851,4,Electronics,Printers,California,Los Angeles,2022-02
B-26747,576,76,13,Furniture,Sofas,California,Los Angeles,2022-02
B-26698,1860,457,13,Electronics,Printers,Ohio,Cleveland,2023-09
B-25841,782,374,8,Office Supplies,Pens,Illinois,Peoria,2021-01
B-25841,4371,1852,1,Electronics,Laptops,Illinois,Peoria,2021-01
B-26032,8346,1176,1,Electronics,Phones,Texas,Houston,2020-08
B-26032,8346,1176,1,Electronics,Phones,Illinois,Chicago,2023-04
B-26032,8346,1176,1,Electronics,Phones,California,San Francisco,2023-12
B-26032,6218,1125,5,Furniture,Tables,Texas,Houston,2020-08
B-26032,6218,1125,5,Furniture,Tables,Illinois,Chicago,2023-04
B-26032,6218,1125,5,Furniture,Tables,California,San Francisco,2023-12
B-26032,5167,253,14,Electronics,Printers,Texas,Houston,2020-08
B-26032,5167,253,14,Electronics,Printers,Illinois,Chicago,2023-04
B-26032,5167,253,14,Electronics,Printers,California,San Francisco,2023-12
B-26032,2799,1239,5,Furniture,Sofas,Texas,Houston,2020-08
B-26032,2799,1239,5,Furniture,Sofas,Illinois,Chicago,2023-04
B-26032,2799,1239,5,Furniture,Sofas,California,San Francisco,2023-12
B-25171,3234,1029,20,Office Supplies,Markers,Florida,Miami,2022-03
B-26939,4920,775,12,Furniture,Tables,Illinois,Springfield,2021-08
B-26939,9078,2213,15,Furniture,Bookcases,Illinois,Springfield,2021-08
B-26347,8586,3826,7,Furniture,Bookcases,Florida,Miami,2020-12
B-26347,8586,3826,7,Furniture,Bookcases,Florida,Tampa,2023-07
B-25388,5047,2211,13,Furniture,Sofas,California,San Francisco,2023-08
B-25388,5047,2211,13,Furniture,Sofas,Illinois,Chicago,2021-02
B-25388,5047,2211,13,Furniture,Sofas,Illinois,Peoria,2022-09
B-25388,5047,2211,13,Furniture,Sofas,New York,Buffalo,2022-05
B-26419,3657,163,1,Furniture,Sofas,California,San Francisco,2021-05
B-25157,6471,2842,18,Electronics,Electronic Games,Illinois,Peoria,2024-07
B-25342,949,301,9,Office Supplies,Binders,Ohio,Cleveland,2024-12
B-25342,6823,771,6,Office Supplies,Binders,Ohio,Cleveland,2024-12
B-25342,4364,831,2,Furniture,Tables,Ohio,Cleveland,2024-12
B-26165,6671,2797,10,Electronics,Phones,Illinois,Peoria,2022-12
B-26571,7472,1037,3,Office Supplies,Paper,Illinois,Springfield,2022-10
B-26571,9548,1806,9,Electronics,Printers,Illinois,Springfield,2022-10
B-25400,7759,3741,17,Electronics,Printers,Florida,Miami,2021-03
B-25400,7759,3741,17,Electronics,Printers,Texas,Dallas,2025-01
B-25400,7521,3457,16,Office Supplies,Markers,Florida,Miami,2021-03
B-25400,7521,3457,16,Office Supplies,Markers,Texas,Dallas,2025-01
B-25885,9704,4339,12,Office Supplies,Pens,Texas,Houston,2021-03
B-25885,4948,2356,18,Electronics,Printers,Texas,Houston,2021-03
B-25885,6435,334,10,Electronics,Electronic Games,Texas,Houston,2021-03
B-25004,9965,3033,16,Office Supplies,Markers,California,San Francisco,2020-06
B-25004,9965,3033,16,Office Supplies,Markers,New York,Buffalo,2023-09
B-26213,1523,234,3,Furniture,Sofas,New York,Rochester,2023-06
B-26213,9073,424,7,Electronics,Electronic Games,New York,Rochester,2023-06
B-25025,6447,3079,20,Electronics,Laptops,New York,Rochester,2021-03
B-25025,8947,2807,6,Electronics,Electronic Games,New York,Rochester,2021-03
B-26804,914,400,8,Office Supplies,Pens,California,Los Angeles,2021-01
B-26804,1548,666,3,Office Supplies,Paper,California,Los Angeles,2021-01
B-26797,2759,1149,6,Furniture,Tables,New York,New York City,2024-12
B-26556,1341,615,4,Electronics,Laptops,Florida,Orlando,2022-08
B-25861,9851,2669,19,Electronics,Electronic Games,Ohio,Cleveland,2022-03
B-25861,9851,2669,19,Electronics,Electronic Games,New York,Buffalo,2023-07
B-25861,9851,2669,19,Electronics,Electronic Games,Florida,Orlando,2022-09
B-25861,9989,3930,14,Furniture,Tables,Ohio,Cleveland,2022-03
B-25861,9989,3930,14,Furniture,Tables,New York,Buffalo,2023-07
B-25861,9989,3930,14,Furniture,Tables,Florida,Orlando,2022-09
B-25112,7421,958,10,Furniture,Tables,Texas,Houston,2022-12
B-25112,7421,958,10,Furniture,Tables,Texas,Houston,2022-01
B-25112,7421,958,10,Furniture,Tables,Texas,Dallas,2023-01
B-25223,3099,479,1,Office Supplies,Paper,New York,Buffalo,2022-01
B-25223,2521,906,7,Electronics,Phones,New York,Buffalo,2022-01
B-25714,6962,3429,12,Electronics,Electronic Games,Texas,Dallas,2024-03
B-25714,6962,3429,12,Electronics,Electronic Games,Florida,Miami,2025-02
B-26607,1085,301,20,Furniture,Bookcases,New York,Buffalo,2024-07
B-25038,738,342,2,Furniture,Chairs,Ohio,Cincinnati,2023-04
B-25038,738,342,2,Furniture,Chairs,New York,Buffalo,2020-12
B-25038,738,342,2,Furniture,Chairs,Ohio,Cincinnati,2024-05
B-25038,738,342,2,Furniture,Chairs,New York,New York City,2022-01
B-26672,1366,242,17,Electronics,Electronic Games,Ohio,Columbus,2023-09
B-26672,1518,155,13,Office Supplies,Markers,Ohio,Columbus,2023-09
B-25747,2962,1470,1,Electronics,Phones,New York,Buffalo,2021-05
B-25747,2962,1470,1,Electronics,Phones,Florida,Tampa,2023-09
B-25747,7131,718,12,Electronics,Printers,New York,Buffalo,2021-05
B-25747,7131,718,12,Electronics,Printers,Florida,Tampa,2023-09
B-25747,4200,855,10,Office Supplies,Markers,New York,Buffalo,2021-05
B-25747,4200,855,10,Office Supplies,Markers,Florida,Tampa,2023-09
B-26322,5934,1563,2,Office Supplies,Markers,Illinois,Peoria,2024-09
B-26613,2701,322,11,Electronics,Printers,New York,New York City,2022-06
B-26613,7273,2702,18,Office Supplies,Paper,New York,New York City,2022-06
B-25413,2465,699,18,Office Supplies,Markers,California,San Francisco,2020-05
B-26466,3479,1087,2,Office Supplies,Markers,Texas,Dallas,2024-10
B-26466,5457,1765,7,Electronics,Printers,Texas,Dallas,2024-10
B-26610,4957,1152,8,Office Supplies,Markers,Ohio,Cleveland,2022-03
B-26209,4404,858,17,Office Supplies,Pens,Ohio,Columbus,2024-03
B-26209,8776,2529,15,Furniture,Sofas,Ohio,Columbus,2024-03
B-26622,9536,1437,9,Electronics,Phones,Florida,Orlando,2020-04
B-26622,2225,589,7,Furniture,Sofas,Florida,Orlando,2020-04
B-26601,9574,4045,19,Furniture,Bookcases,California,San Francisco,2024-03
B-26601,4382,482,17,Electronics,Electronic Games,California,San Francisco,2024-03
B-25894,8200,257,19,Electronics,Laptops,Ohio,Cincinnati,2023-03
B-25894,9316,3003,13,Furniture,Sofas,Ohio,Cincinnati,2023-03
B-25894,6379,3128,15,Electronics,Electronic Games,Ohio,Cincinnati,2023-03
B-26969,3348,568,5,Office Supplies,Markers,Ohio,Cleveland,2024-03
B-26969,3348,568,5,Office Supplies,Markers,New York,Rochester,2021-04
B-26969,8856,2020,9,Office Supplies,Pens,Ohio,Cleveland,2024-03
B-26969,8856,2020,9,Office Supplies,Pens,New York,Rochester,2021-04
B-26312,1760,619,16,Furniture,Sofas,Ohio,Columbus,2021-09
B-26312,1760,619,16,Furniture,Sofas,Texas,Houston,2023-01
B-26312,6351,986,15,Electronics,Printers,Ohio,Columbus,2021-09
B-26312,6351,986,15,Electronics,Printers,Texas,Houston,2023-01
B-26837,869,373,14,Office Supplies,Paper,New York,New York City,2021-07
B-26837,869,373,14,Office Supplies,Paper,Ohio,Cleveland,2020-04
B-26837,1486,114,7,Furniture,Bookcases,New York,New York City,2021-07
B-26837,1486,114,7,Furniture,Bookcases,Ohio,Cleveland,2020-04
B-26166,2999,145,13,Office Supplies,Binders,Illinois,Chicago,2022-08
B-26166,5142,1916,20,Office Supplies,Paper,Illinois,Chicago,2022-08
B-25695,1239,575,17,Electronics,Laptops,New York,Rochester,2022-12
B-25695,1239,575,17,Electronics,Laptops,Illinois,Springfield,2022-06
B-25695,1262,515,16,Electronics,Electronic Games,New York,Rochester,2022-12
B-25695,1262,515,16,Electronics,Electronic Games,Illinois,Springfield,2022-06
B-26068,1033,254,5,Furniture,Bookcases,New York,Rochester,2020-08
B-26023,1518,159,19,Electronics,Printers,California,San Diego,2020-09
B-26677,8581,2444,2,Office Supplies,Paper,Illinois,Peoria,2020-12
B-26677,8581,2444,2,Office Supplies,Paper,Florida,Orlando,2020-11
B-25701,1167,463,5,Office Supplies,Pens,Texas,Austin,2023-09
B-25701,2841,803,20,Electronics,Laptops,Texas,Austin,2023-09
B-25701,5680,2159,19,Furniture,Tables,Texas,Austin,2023-09
B-26523,8204,2382,6,Office Supplies,Pens,Illinois,Chicago,2020-03
B-26523,8204,2382,6,Office Supplies,Pens,New York,Buffalo,2020-10
B-26523,2850,904,6,Electronics,Phones,Illinois,Chicago,2020-03
B-26523,2850,904,6,Electronics,Phones,New York,Buffalo,2020-10
B-25880,907,391,9,Office Supplies,Pens,New York,New York City,2023-08
B-26898,2174,265,19,Office Supplies,Pens,Ohio,Cincinnati,2022-04
B-26898,8541,2029,12,Electronics,Electronic Games,Ohio,Cincinnati,2022-04
B-26898,1931,551,3,Furniture,Bookcases,Ohio,Cincinnati,2022-04
B-26035,1281,340,3,Electronics,Electronic Games,Texas,Austin,2021-12
B-26035,2404,253,15,Electronics,Laptops,Texas,Austin,2021-12
B-25573,2119,196,1,Furniture,Sofas,California,Los Angeles,2020-08
B-25463,3137,571,9,Office Supplies,Pens,Illinois,Chicago,2025-02
B-26277,2323,727,7,Furniture,Tables,Texas,Dallas,2022-02
B-26277,1368,406,9,Furniture,Bookcases,Texas,Dallas,2022-02
B-26508,9204,3289,16,Electronics,Laptops,Florida,Miami,2024-02
B-26508,9204,3289,16,Electronics,Laptops,Florida,Miami,2021-06
B-26508,9894,3698,20,Office Supplies,Paper,Florida,Miami,2024-02
B-26508,9894,3698,20,Office Supplies,Paper,Florida,Miami,2021-06
B-26723,5322,1423,18,Furniture,Sofas,Texas,Houston,2022-12
B-26723,5322,1423,18,Furniture,Sofas,Texas,Dallas,2023-12
B-25526,2666,559,14,Furniture,Chairs,Ohio,Cleveland,2022-07
B-25645,8383,937,4,Furniture,Sofas,Florida,Orlando,2024-05
B-25757,7560,821,4,Office Supplies,Paper,Illinois,Chicago,2021-10
B-26716,1314,490,16,Furniture,Sofas,New York,Buffalo,2021-11
B-26716,4390,179,1,Furniture,Tables,New York,Buffalo,2021-11
B-26716,1150,58,7,Office Supplies,Binders,New York,Buffalo,2021-11
B-25424,1574,258,17,Office Supplies,Pens,California,San Diego,2020-09
B-25424,5635,318,17,Office Supplies,Binders,California,San Diego,2020-09
B-25424,6515,961,11,Furniture,Sofas,California,San Diego,2020-09
B-26453,1231,214,20,Electronics,Laptops,Ohio,Columbus,2023-01
B-26453,1231,214,20,Electronics,Laptops,New York,Rochester,2020-06
B-26425,6891,2529,3,Office Supplies,Binders,Ohio,Cleveland,2024-05
B-25843,7524,2308,15,Electronics,Laptops,Texas,Austin,2023-12
B-25843,6864,1824,14,Electronics,Printers,Texas,Austin,2023-12
B-25486,4215,432,14,Furniture,Chairs,Ohio,Columbus,2024-02
B-26975,622,218,19,Furniture,Bookcases,California,San Diego,2024-06
B-26975,1755,495,18,Office Supplies,Pens,California,San Diego,2024-06
B-26975,8020,3898,20,Electronics,Electronic Games,California,San Diego,2024-06
B-26890,7333,1576,4,Electronics,Laptops,New York,Buffalo,2024-06
B-26125,7690,1134,4,Electronics,Electronic Games,New York,Rochester,2023-10
B-26125,912,246,2,Furniture,Sofas,New York,Rochester,2023-10
B-26489,2791,894,14,Electronics,Laptops,Texas,Austin,2022-10
B-26489,2791,894,14,Electronics,Laptops,Ohio,Cincinnati,2023-10
B-26489,2791,894,14,Electronics,Laptops,Texas,Dallas,2021-02
B-26489,6223,1478,3,Furniture,Sofas,Texas,Austin,2022-10
B-26489,6223,1478,3,Furniture,Sofas,Ohio,Cincinnati,2023-10
B-26489,6223,1478,3,Furniture,Sofas,Texas,Dallas,2021-02
B-26489,8943,3121,17,Furniture,Chairs,Texas,Austin,2022-10
B-26489,8943,3121,17,Furniture,Chairs,Ohio,Cincinnati,2023-10
B-26489,8943,3121,17,Furniture,Chairs,Texas,Dallas,2021-02
B-26489,3297,102,12,Electronics,Phones,Texas,Austin,2022-10
B-26489,3297,102,12,Electronics,Phones,Ohio,Cincinnati,2023-10
B-26489,3297,102,12,Electronics,Phones,Texas,Dallas,2021-02
B-26043,8769,1989,20,Office Supplies,Paper,Illinois,Chicago,2020-11
B-26557,9057,1888,19,Electronics,Printers,Florida,Orlando,2022-05
B-26557,6864,3275,11,Furniture,Tables,Florida,Orlando,2022-05
B-26557,9200,809,13,Electronics,Laptops,Florida,Orlando,2022-05
B-25243,6113,2508,6,Electronics,Laptops,Florida,Orlando,2024-06
B-25243,7733,2784,15,Furniture,Tables,Florida,Orlando,2024-06
B-25243,8524,154,14,Furniture,Tables,Florida,Orlando,2024-06
B-25243,6187,2344,15,Furniture,Bookcases,Florida,Orlando,2024-06
B-26932,4364,148,18,Furniture,Tables,Ohio,Cincinnati,2022-07
B-26932,736,286,12,Office Supplies,Pens,Ohio,Cincinnati,2022-07
B-25241,9905,633,17,Office Supplies,Pens,Texas,Dallas,2021-07
B-25241,9905,633,17,Office Supplies,Pens,Florida,Tampa,2021-10
B-25044,2493,1221,9,Office Supplies,Paper,Illinois,Springfield,2024-04
B-25044,9849,963,1,Office Supplies,Pens,Illinois,Springfield,2024-04
B-26137,3423,804,4,Electronics,Printers,Illinois,Peoria,2020-07
B-26137,3423,804,4,Electronics,Printers,Texas,Dallas,2020-07
B-26137,3423,804,4,Electronics,Printers,Texas,Austin,2024-01
B-26137,3423,804,4,Electronics,Printers,Texas,Dallas,2020-05
B-26137,3423,804,4,Electronics,Printers,Ohio,Cincinnati,2021-11
B-25545,3900,115,9,Furniture,Chairs,Illinois,Springfield,2023-10
B-26800,8568,2419,11,Electronics,Electronic Games,New York,Rochester,2021-10
B-26800,3283,71,6,Office Supplies,Pens,New York,Rochester,2021-10
B-26987,7643,3720,19,Electronics,Electronic Games,Texas,Dallas,2022-07
B-26144,3461,1537,15,Furniture,Sofas,Illinois,Chicago,2024-08
B-26144,5714,1438,6,Electronics,Electronic Games,Illinois,Chicago,2024-08
B-26144,3853,1457,10,Office Supplies,Binders,Illinois,Chicago,2024-08
B-25406,6016,431,20,Office Supplies,Pens,Illinois,Chicago,2020-10
B-25658,1290,204,12,Office Supplies,Markers,New York,Buffalo,2024-06
B-25658,1290,204,12,Office Supplies,Markers,California,San Francisco,2024-12
B-25733,4569,1693,10,Electronics,Printers,Illinois,Springfield,2020-09
B-26993,3083,1151,16,Furniture,Bookcases,Florida,Orlando,2022-04
B-26964,3522,898,15,Office Supplies,Pens,Ohio,Cleveland,2024-08
B-26964,3522,898,15,Office Supplies,Pens,California,Los Angeles,2022-01
B-26955,7301,3602,3,Office Supplies,Binders,Texas,Houston,2024-04
B-26059,4462,121,8,Electronics,Laptops,Illinois,Springfield,2022-04
B-26059,6212,1881,17,Electronics,Phones,Illinois,Springfield,2022-04
B-26806,4027,1386,3,Furniture,Bookcases,Florida,Tampa,2020-08
B-26299,1676,330,14,Electronics,Laptops,Ohio,Cleveland,2023-03
B-26299,3927,1133,12,Furniture,Bookcases,Ohio,Cleveland,2023-03
B-26299,2776,887,9,Electronics,Phones,Ohio,Cleveland,2023-03
B-26743,7684,1157,12,Furniture,Sofas,Illinois,Chicago,2020-10
B-26743,7684,1157,12,Furniture,Sofas,New York,Buffalo,2020-06
B-26743,7684,1157,12,Furniture,Sofas,Ohio,Columbus,2023-08
B-26757,6008,2498,17,Electronics,Phones,Florida,Miami,2022-07
B-26772,7344,2598,20,Furniture,Bookcases,Texas,Dallas,2022-08
B-26088,6932,3218,20,Office Supplies,Pens,Florida,Orlando,2020-07
B-26319,7748,1706,16,Electronics,Electronic Games,Ohio,Cincinnati,2020-05
B-26319,6381,2763,20,Office Supplies,Markers,Ohio,Cincinnati,2020-05
B-26319,992,64,6,Electronics,Phones,Ohio,Cincinnati,2020-05
B-25364,8649,2631,13,Electronics,Laptops,California,San Francisco,2024-01
B-25364,8649,2631,13,Electronics,Laptops,New York,Rochester,2020-09
B-25655,4099,52,18,Electronics,Laptops,New York,New York City,2022-03
B-26864,2539,324,5,Electronics,Electronic Games,California,San Francisco,2021-01
B-26019,9845,3062,9,Office Supplies,Paper,Florida,Orlando,2025-03
B-25849,2901,1411,2,Office Supplies,Paper,Texas,Austin,2021-10
B-25849,2901,1411,2,Office Supplies,Paper,California,Los Angeles,2023-01
B-25849,6934,1152,6,Office Supplies,Pens,Texas,Austin,2021-10
B-25849,6934,1152,6,Office Supplies,Pens,California,Los Angeles,2023-01
B-25829,9640,2606,2,Furniture,Bookcases,Illinois,Peoria,2021-10
B-26065,7930,1981,13,Furniture,Chairs,Ohio,Cleveland,2023-05
B-26065,7930,1981,13,Furniture,Chairs,Illinois,Springfield,2024-08
B-25267,9894,829,1,Office Supplies,Binders,California,San Diego,2022-08
B-25267,4534,2235,4,Furniture,Tables,California,San Diego,2022-08
B-25972,4911,186,20,Electronics,Phones,New York,Buffalo,2022-06
B-25972,531,189,20,Furniture,Bookcases,New York,Buffalo,2022-06
B-25511,9707,3483,10,Electronics,Electronic Games,Illinois,Peoria,2025-01
B-25511,8521,2584,7,Office Supplies,Paper,Illinois,Peoria,2025-01
B-25744,8438,3427,12,Office Supplies,Binders,New York,Buffalo,2022-01
B-25744,1689,109,9,Electronics,Electronic Games,New York,Buffalo,2022-01
B-25744,3936,1626,14,Office Supplies,Paper,New York,Buffalo,2022-01
B-26805,7664,1753,19,Electronics,Phones,Ohio,Cincinnati,2023-06
B-25620,721,258,13,Electronics,Laptops,Illinois,Peoria,2023-10
B-25620,721,258,13,Electronics,Laptops,New York,Buffalo,2022-06
B-25620,8364,3055,17,Electronics,Laptops,Illinois,Peoria,2023-10
B-25620,8364,3055,17,Electronics,Laptops,New York,Buffalo,2022-06
B-25620,5234,2021,15,Furniture,Bookcases,Illinois,Peoria,2023-10
B-25620,5234,2021,15,Furniture,Bookcases,New York,Buffalo,2022-06
B-25325,3944,1559,18,Electronics,Phones,California,San Francisco,2024-06
B-25325,6711,1045,12,Office Supplies,Pens,California,San Francisco,2024-06
B-25325,5031,714,4,Furniture,Tables,California,San Francisco,2024-06
B-25325,6295,2469,14,Office Supplies,Binders,California,San Francisco,2024-06
B-25131,9654,4111,1,Office Supplies,Paper,California,San Francisco,2022-06
B-25131,3112,1065,20,Office Supplies,Binders,California,San Francisco,2022-06
B-26654,7838,1142,13,Electronics,Phones,California,San Francisco,2021-02
B-26654,9300,3146,6,Electronics,Phones,California,San Francisco,2021-02
B-26654,1733,133,17,Office Supplies,Paper,California,San Francisco,2021-02
B-26195,874,235,15,Office Supplies,Binders,New York,Rochester,2023-05
B-26195,874,235,15,Office Supplies,Binders,Florida,Miami,2021-06
B-25842,1248,584,13,Office Supplies,Pens,Ohio,Columbus,2024-01
B-25842,1248,584,13,Office Supplies,Pens,California,San Francisco,2022-12
B-25842,3669,154,14,Office Supplies,Markers,Ohio,Columbus,2024-01
B-25842,3669,154,14,Office Supplies,Markers,California,San Francisco,2022-12
B-25842,514,109,15,Office Supplies,Paper,Ohio,Columbus,2024-01
B-25842,514,109,15,Office Supplies,Paper,California,San Francisco,2022-12
B-25851,3273,85,16,Electronics,Phones,Ohio,Cincinnati,2024-03
B-25427,5035,2008,2,Furniture,Chairs,Florida,Miami,2020-04
B-25427,7702,60,19,Electronics,Printers,Florida,Miami,2020-04
B-25427,9884,4446,7,Electronics,Printers,Florida,Miami,2020-04
B-26224,5564,175,11,Electronics,Laptops,Illinois,Chicago,2023-01
B-26224,5564,175,11,Electronics,Laptops,Texas,Houston,2022-04
B-26224,5564,175,11,Electronics,Laptops,Florida,Miami,2023-12
B-26224,3953,1776,15,Electronics,Electronic Games,Illinois,Chicago,2023-01
B-26224,3953,1776,15,Electronics,Electronic Games,Texas,Houston,2022-04
B-26224,3953,1776,15,Electronics,Electronic Games,Florida,Miami,2023-12
B-26896,6488,1591,18,Electronics,Printers,Texas,Dallas,2023-05
B-26896,6488,1591,18,Electronics,Printers,Texas,Houston,2020-11
B-26469,7856,3699,17,Electronics,Electronic Games,Florida,Orlando,2021-03
B-26469,1165,51,3,Office Supplies,Pens,Florida,Orlando,2021-03
B-26219,9386,2555,20,Office Supplies,Markers,California,San Diego,2020-08
B-26219,9386,2555,20,Office Supplies,Markers,Ohio,Cleveland,2022-10
B-26119,3956,142,12,Office Supplies,Pens,Florida,Tampa,2023-09
B-26119,3956,142,12,Office Supplies,Pens,Texas,Dallas,2024-12
B-26119,6449,2628,11,Furniture,Bookcases,Florida,Tampa,2023-09
B-26119,6449,2628,11,Furniture,Bookcases,Texas,Dallas,2024-12
B-26988,6255,437,18,Office Supplies,Markers,New York,Rochester,2021-12
B-26988,2109,681,20,Electronics,Electronic Games,New York,Rochester,2021-12
B-25596,6707,1041,20,Electronics,Phones,Texas,Austin,2021-09
B-26845,7633,184,13,Office Supplies,Pens,Illinois,Springfield,2021-09
B-25099,975,224,18,Office Supplies,Pens,California,San Diego,2021-12
B-25099,4492,1450,7,Furniture,Tables,California,San Diego,2021-12
B-25099,7957,2834,12,Furniture,Chairs,California,San Diego,2021-12
B-26153,4906,975,7,Furniture,Tables,Texas,Houston,2022-05
B-25060,1379,250,3,Office Supplies,Pens,New York,Buffalo,2020-10
B-25060,4244,340,10,Electronics,Laptops,New York,Buffalo,2020-10
B-26572,5911,2333,14,Furniture,Bookcases,California,San Diego,2022-08
B-26572,5911,2333,14,Furniture,Bookcases,California,San Francisco,2024-11
B-26572,1818,738,11,Office Supplies,Markers,California,San Diego,2022-08
B-26572,1818,738,11,Office Supplies,Markers,California,San Francisco,2024-11
B-25919,2140,970,4,Office Supplies,Paper,California,San Diego,2020-09
B-25919,2140,970,4,Office Supplies,Paper,Florida,Orlando,2025-02
B-25919,2140,970,4,Office Supplies,Paper,California,San Francisco,2022-03
B-25919,2670,1026,1,Electronics,Laptops,California,San Diego,2020-09
B-25919,2670,1026,1,Electronics,Laptops,Florida,Orlando,2025-02
B-25919,2670,1026,1,Electronics,Laptops,California,San Francisco,2022-03
B-26978,1108,167,18,Electronics,Laptops,Illinois,Springfield,2025-03
B-26978,9776,3750,9,Office Supplies,Binders,Illinois,Springfield,2025-03
B-26978,535,72,6,Furniture,Bookcases,Illinois,Springfield,2025-03
B-26554,7564,3463,5,Office Supplies,Paper,Florida,Tampa,2024-06
B-26554,7564,3463,5,Office Supplies,Paper,Illinois,Peoria,2020-11
B-26554,7564,3463,5,Office Supplies,Paper,Florida,Miami,2024-10
B-26554,7564,3463,5,Office Supplies,Paper,Texas,Houston,2024-07
B-26554,3409,1605,20,Electronics,Electronic Games,Florida,Tampa,2024-06
B-26554,3409,1605,20,Electronics,Electronic Games,Illinois,Peoria,2020-11
B-26554,3409,1605,20,Electronics,Electronic Games,Florida,Miami,2024-10
B-26554,3409,1605,20,Electronics,Electronic Games,Texas,Houston,2024-07
B-26883,9751,2459,13,Office Supplies,Pens,New York,Buffalo,2020-11
B-25423,6385,2656,11,Electronics,Printers,Florida,Orlando,2023-03
B-25423,6385,2656,11,Electronics,Printers,Florida,Tampa,2022-10
B-26324,6355,1335,15,Electronics,Electronic Games,Texas,Austin,2023-08
B-26324,6355,1335,15,Electronics,Electronic Games,Texas,Austin,2021-06
B-26945,7377,320,15,Electronics,Printers,Texas,Austin,2022-12
B-26945,2054,371,12,Office Supplies,Markers,Texas,Austin,2022-12
B-26405,7497,319,18,Furniture,Chairs,Illinois,Peoria,2024-02
B-26046,2565,983,20,Electronics,Electronic Games,Florida,Miami,2022-12
B-26046,5024,1544,19,Office Supplies,Pens,Florida,Miami,2022-12
B-25746,8243,1346,15,Office Supplies,Binders,Texas,Houston,2021-04
B-25232,7792,1403,13,Office Supplies,Paper,Illinois,Peoria,2021-02
B-25232,7792,1403,13,Office Supplies,Paper,New York,Rochester,2022-12
B-25232,7792,1403,13,Office Supplies,Paper,California,San Diego,2024-01
B-25232,2346,388,14,Furniture,Chairs,Illinois,Peoria,2021-02
B-25232,2346,388,14,Furniture,Chairs,New York,Rochester,2022-12
B-25232,2346,388,14,Furniture,Chairs,California,San Diego,2024-01
B-25591,7346,1043,10,Furniture,Sofas,Ohio,Columbus,2022-12
B-25591,9770,4132,7,Electronics,Electronic Games,Ohio,Columbus,2022-12
B-25591,7179,683,13,Electronics,Laptops,Ohio,Columbus,2022-12
B-26325,5449,2389,2,Electronics,Phones,Florida,Miami,2022-10
B-25251,2895,104,6,Furniture,Chairs,New York,Buffalo,2020-04
B-25251,2895,104,6,Furniture,Chairs,Texas,Houston,2024-05
B-25251,697,116,1,Furniture,Chairs,New York,Buffalo,2020-04
B-25251,697,116,1,Furniture,Chairs,Texas,Houston,2024-05
B-25464,6145,1414,4,Furniture,Chairs,California,Los Angeles,2020-10
B-25464,2504,440,18,Electronics,Printers,California,Los Angeles,2020-10
B-25464,3124,138,16,Electronics,Phones,California,Los Angeles,2020-10
B-26678,6934,1226,1,Electronics,Electronic Games,Ohio,Cincinnati,2021-06
B-26678,6934,1226,1,Electronics,Electronic Games,New York,Rochester,2021-09
B-25962,4202,1171,3,Office Supplies,Markers,Illinois,Peoria,2022-11
B-25962,4202,1171,3,Office Supplies,Markers,New York,Rochester,2022-10
B-25962,4202,1171,3,Office Supplies,Markers,Florida,Tampa,2023-11
B-25962,4202,1171,3,Office Supplies,Markers,Texas,Houston,2023-11
B-26586,2239,828,1,Electronics,Printers,California,Los Angeles,2023-06
B-26586,2239,828,1,Electronics,Printers,Illinois,Chicago,2023-09
B-26586,2450,1002,4,Electronics,Phones,California,Los Angeles,2023-06
B-26586,2450,1002,4,Electronics,Phones,Illinois,Chicago,2023-09
B-26841,9827,4208,13,Furniture,Chairs,New York,New York City,2020-09
B-26841,8077,240,15,Furniture,Sofas,New York,New York City,2020-09
B-26284,5152,2045,14,Electronics,Phones,Illinois,Springfield,2020-11
B-26284,5152,2045,14,Electronics,Phones,California,Los Angeles,2022-08
B-26284,5152,2045,14,Electronics,Phones,Illinois,Chicago,2023-08
B-26284,5152,2045,14,Electronics,Phones,New York,Rochester,2023-10
B-26478,2542,190,1,Office Supplies,Markers,Texas,Houston,2022-04
B-26679,8102,1800,5,Office Supplies,Markers,California,San Francisco,2023-09
B-26679,8102,1800,5,Office Supplies,Markers,New York,Buffalo,2020-04
B-26679,8102,1800,5,Office Supplies,Markers,Ohio,Cleveland,2020-12
B-26679,3234,1274,10,Furniture,Tables,California,San Francisco,2023-09
B-26679,3234,1274,10,Furniture,Tables,New York,Buffalo,2020-04
B-26679,3234,1274,10,Furniture,Tables,Ohio,Cleveland,2020-12
B-26397,6200,2321,18,Furniture,Tables,California,Los Angeles,2024-07
B-26397,6200,2321,18,Furniture,Tables,Florida,Miami,2024-09
B-25957,4470,413,13,Electronics,Laptops,California,Los Angeles,2025-02
B-26916,916,362,7,Office Supplies,Pens,Illinois,Springfield,2022-10
B-26916,916,362,7,Office Supplies,Pens,California,San Francisco,2020-10
B-26916,1165,302,20,Furniture,Sofas,Illinois,Springfield,2022-10
B-26916,1165,302,20,Furniture,Sofas,California,San Francisco,2020-10
B-26916,7846,677,12,Furniture,Chairs,Illinois,Springfield,2022-10
B-26916,7846,677,12,Furniture,Chairs,California,San Francisco,2020-10
B-25925,3022,384,1,Office Supplies,Pens,Texas,Austin,2022-01
B-25925,3022,384,1,Office Supplies,Pens,Illinois,Chicago,2021-02
B-25925,5266,1111,13,Electronics,Electronic Games,Texas,Austin,2022-01
B-25925,5266,1111,13,Electronics,Electronic Games,Illinois,Chicago,2021-02
B-25602,4853,1764,9,Office Supplies,Pens,Florida,Orlando,2021-11
B-25602,4853,1764,9,Office Supplies,Pens,Texas,Houston,2022-08
B-26592,9832,1270,1,Office Supplies,Pens,California,San Francisco,2022-10
B-26592,796,153,15,Office Supplies,Pens,California,San Francisco,2022-10
B-26251,883,127,7,Furniture,Chairs,California,San Francisco,2023-06
B-26251,4539,1155,8,Furniture,Bookcases,California,San Francisco,2023-06
B-26251,9659,2226,16,Office Supplies,Binders,California,San Francisco,2023-06
B-25979,9562,325,2,Electronics,Printers,California,San Diego,2022-05
B-25437,4688,1841,3,Electronics,Laptops,California,San Francisco,2023-01
B-25437,4688,1841,3,Electronics,Laptops,California,San Diego,2021-07
B-26986,7900,482,4,Electronics,Phones,Ohio,Columbus,2025-03
B-25990,6967,3257,17,Furniture,Bookcases,Ohio,Cincinnati,2022-12
B-25990,1091,277,6,Office Supplies,Paper,Ohio,Cincinnati,2022-12
B-25990,6027,1530,2,Office Supplies,Binders,Ohio,Cincinnati,2022-12
B-25222,4852,218,2,Furniture,Tables,Texas,Dallas,2024-04
B-25222,4852,218,2,Furniture,Tables,Florida,Tampa,2021-12
B-25222,4852,218,2,Furniture,Tables,Illinois,Springfield,2023-09
B-26402,4314,1453,6,Furniture,Sofas,Florida,Tampa,2021-08
B-26792,3288,1477,3,Office Supplies,Pens,Texas,Austin,2024-05
B-26792,3288,1477,3,Office Supplies,Pens,Illinois,Springfield,2022-02
B-25154,3977,813,5,Office Supplies,Binders,New York,New York City,2024-12
B-26114,6252,1377,2,Electronics,Printers,Illinois,Chicago,2023-06
B-26485,9084,3253,12,Office Supplies,Pens,New York,Buffalo,2023-11
B-26191,8994,1481,15,Electronics,Phones,California,San Diego,2020-06
B-26754,1089,176,16,Office Supplies,Markers,Texas,Dallas,2020-10
B-25953,6690,1001,19,Office Supplies,Binders,Illinois,Springfield,2022-06
B-25953,6690,1001,19,Office Supplies,Binders,Illinois,Chicago,2021-11
B-25953,4985,1920,10,Furniture,Bookcases,Illinois,Springfield,2022-06
B-25953,4985,1920,10,Furniture,Bookcases,Illinois,Chicago,2021-11
B-26516,8590,3565,15,Electronics,Electronic Games,Florida,Miami,2021-11
B-26516,6973,3038,10,Furniture,Tables,Florida,Miami,2021-11
B-26843,4591,1941,19,Electronics,Printers,Texas,Dallas,2021-07
B-26843,9612,2572,17,Office Supplies,Pens,Texas,Dallas,2021-07
B-26167,5343,655,1,Furniture,Chairs,California,San Diego,2024-04
B-26972,6956,318,20,Office Supplies,Markers,Illinois,Springfield,2022-04
B-25673,5306,2405,17,Furniture,Tables,New York,Buffalo,2024-03
B-26587,8982,448,17,Furniture,Sofas,New York,New York City,2021-05
B-26587,4826,562,5,Office Supplies,Paper,New York,New York City,2021-05
B-26668,972,106,15,Office Supplies,Pens,Ohio,Cincinnati,2022-05
B-26906,3665,802,4,Office Supplies,Markers,Florida,Miami,2021-08
B-26906,3665,802,4,Office Supplies,Markers,Florida,Tampa,2025-02
B-25226,9808,2117,2,Office Supplies,Pens,California,Los Angeles,2024-04
B-25166,1133,73,17,Furniture,Chairs,Ohio,Cleveland,2023-02
B-25166,1133,73,17,Furniture,Chairs,California,San Diego,2024-06
B-25166,6248,1168,19,Furniture,Bookcases,Ohio,Cleveland,2023-02
B-25166,6248,1168,19,Furniture,Bookcases,California,San Diego,2024-06
B-25454,5666,2733,17,Electronics,Electronic Games,Florida,Tampa,2025-01
B-26215,4171,1450,18,Office Supplies,Markers,Texas,Dallas,2023-04
B-25777,6236,2839,7,Electronics,Printers,Illinois,Springfield,2022-01
B-25777,6236,2839,7,Electronics,Printers,Florida,Orlando,2022-05
B-25383,5410,2456,8,Furniture,Chairs,California,Los Angeles,2024-05
B-25383,5410,2456,8,Furniture,Chairs,Florida,Tampa,2022-01
B-26409,3024,1353,1,Furniture,Sofas,California,Los Angeles,2024-05
B-26409,3024,1353,1,Furniture,Sofas,Ohio,Columbus,2021-12
B-26684,7434,2851,5,Office Supplies,Markers,Illinois,Springfield,2022-12
B-26726,7213,508,19,Electronics,Electronic Games,Texas,Dallas,2023-08
B-26726,7213,508,19,Electronics,Electronic Games,Ohio,Cincinnati,2021-11
B-26726,3176,586,9,Furniture,Tables,Texas,Dallas,2023-08
B-26726,3176,586,9,Furniture,Tables,Ohio,Cincinnati,2021-11
B-26136,9144,2220,18,Office Supplies,Binders,Florida,Miami,2021-06
B-26098,4146,865,19,Furniture,Tables,Texas,Houston,2022-07
B-26098,3793,875,7,Furniture,Tables,Texas,Houston,2022-07
B-25430,7169,2385,11,Furniture,Sofas,California,Los Angeles,2021-06
B-25430,4046,417,18,Furniture,Chairs,California,Los Angeles,2021-06
B-25266,4164,905,11,Electronics,Phones,California,San Diego,2023-12
B-25266,5389,2196,5,Furniture,Tables,California,San Diego,2023-12
B-25283,5448,2204,5,Furniture,Sofas,New York,New York City,2022-08
B-25227,4115,1285,1,Furniture,Sofas,Florida,Orlando,2020-04
B-25227,4761,2231,12,Furniture,Tables,Florida,Orlando,2020-04
B-25669,5899,2264,6,Office Supplies,Binders,New York,Buffalo,2023-10
B-25064,6109,3040,9,Furniture,Chairs,New York,Buffalo,2022-02
B-25064,6109,3040,9,Furniture,Chairs,New York,Rochester,2023-10
B-25064,4628,1491,17,Electronics,Electronic Games,New York,Buffalo,2022-02
B-25064,4628,1491,17,Electronics,Electronic Games,New York,Rochester,2023-10
B-26268,4369,584,13,Office Supplies,Pens,Illinois,Peoria,2022-09
B-26268,4369,584,13,Office Supplies,Pens,Texas,Austin,2021-04
B-25456,5632,2358,20,Furniture,Sofas,California,Los Angeles,2021-05
B-25456,5632,2358,20,Furniture,Sofas,Florida,Miami,2024-02
B-25456,5632,2358,20,Furniture,Sofas,Ohio,Cleveland,2025-02
B-25495,7519,402,14,Office Supplies,Paper,California,San Diego,2022-10
B-25495,1564,674,13,Electronics,Electronic Games,California,San Diego,2022-10
B-26552,2804,936,10,Electronics,Electronic Games,Texas,Austin,2022-02
B-26552,2804,936,10,Electronics,Electronic Games,Florida,Tampa,2020-11
B-26552,2804,936,10,Electronics,Electronic Games,Florida,Tampa,2023-05
B-25203,2321,505,6,Furniture,Chairs,Illinois,Springfield,2022-10
B-25462,5730,482,6,Electronics,Laptops,Florida,Tampa,2024-08
B-26145,7441,867,12,Furniture,Sofas,Illinois,Chicago,2021-11
B-26145,7441,867,12,Furniture,Sofas,Texas,Austin,2020-05
B-25552,1732,766,7,Office Supplies,Binders,New York,New York City,2023-02
B-25552,8788,3944,19,Office Supplies,Paper,New York,New York City,2023-02
B-26069,838,271,11,Office Supplies,Markers,Ohio,Columbus,2021-01
B-26069,838,271,11,Office Supplies,Markers,Illinois,Peoria,2022-02
B-26069,3577,699,2,Furniture,Tables,Ohio,Columbus,2021-01
B-26069,3577,699,2,Furniture,Tables,Illinois,Peoria,2022-02
B-25120,7122,1836,6,Electronics,Phones,Texas,Dallas,2024-04
B-25120,7122,1836,6,Electronics,Phones,Texas,Houston,2023-03
B-25120,7122,1836,6,Electronics,Phones,New York,New York City,2023-07
B-25120,7327,2596,15,Office Supplies,Markers,Texas,Dallas,2024-04
B-25120,7327,2596,15,Office Supplies,Markers,Texas,Houston,2023-03
B-25120,7327,2596,15,Office Supplies,Markers,New York,New York City,2023-07
B-26146,2239,1094,18,Electronics,Printers,Florida,Tampa,2024-07
B-26146,4932,1153,1,Office Supplies,Markers,Florida,Tampa,2024-07
B-25549,4609,1084,8,Electronics,Printers,Florida,Orlando,2023-07
B-25549,2328,788,4,Office Supplies,Paper,Florida,Orlando,2023-07
B-25549,4734,958,7,Electronics,Printers,Florida,Orlando,2023-07
B-25488,1388,345,5,Furniture,Sofas,New York,New York City,2024-10
B-25488,8555,1638,8,Electronics,Laptops,New York,New York City,2024-10
B-26885,9024,730,4,Furniture,Tables,Texas,Dallas,2024-02
B-26885,2468,418,4,Electronics,Laptops,Texas,Dallas,2024-02
B-25703,9438,1801,4,Electronics,Electronic Games,Florida,Orlando,2023-04
B-25703,9438,1801,4,Electronics,Electronic Games,Texas,Austin,2023-10
B-25809,2685,379,18,Electronics,Phones,Ohio,Cleveland,2022-03
B-25809,2685,379,18,Electronics,Phones,Florida,Tampa,2022-12
B-25809,9916,4602,14,Furniture,Chairs,Ohio,Cleveland,2022-03
B-25809,9916,4602,14,Furniture,Chairs,Florida,Tampa,2022-12
B-25809,6184,50,14,Electronics,Electronic Games,Ohio,Cleveland,2022-03
B-25809,6184,50,14,Electronics,Electronic Games,Florida,Tampa,2022-12
B-25809,4548,2135,8,Office Supplies,Markers,Ohio,Cleveland,2022-03
B-25809,4548,2135,8,Office Supplies,Markers,Florida,Tampa,2022-12
B-25477,7195,1665,7,Office Supplies,Markers,New York,Rochester,2024-07
B-25477,7195,1665,7,Office Supplies,Markers,New York,Buffalo,2022-07
B-26018,3098,957,18,Furniture,Bookcases,Texas,Austin,2024-07
B-25329,5412,1192,18,Furniture,Tables,California,San Diego,2024-02
B-25329,5412,1192,18,Furniture,Tables,California,Los Angeles,2025-01
B-25182,1397,686,11,Furniture,Chairs,New York,New York City,2021-12
B-25492,9279,552,14,Furniture,Chairs,New York,Buffalo,2021-12
B-25492,9279,552,14,Furniture,Chairs,California,San Francisco,2020-11
B-25492,2596,1003,19,Office Supplies,Paper,New York,Buffalo,2021-12
B-25492,2596,1003,19,Office Supplies,Paper,California,San Francisco,2020-11
B-25517,6732,911,19,Furniture,Bookcases,New York,Buffalo,2021-12
B-25517,4495,1408,14,Office Supplies,Pens,New York,Buffalo,2021-12
B-25200,9653,2471,6,Office Supplies,Paper,New York,Buffalo,2024-07
B-26009,8945,1728,10,Furniture,Tables,Illinois,Peoria,2021-02
B-26580,4007,201,13,Furniture,Bookcases,Ohio,Columbus,2020-10
B-26580,4007,201,13,Furniture,Bookcases,Texas,Dallas,2023-04
B-25679,810,231,18,Furniture,Bookcases,Florida,Tampa,2020-10
B-26034,9789,2071,18,Furniture,Bookcases,New York,Rochester,2023-12
B-26034,9229,4090,8,Electronics,Electronic Games,New York,Rochester,2023-12
B-25148,8141,3968,18,Office Supplies,Markers,New York,Rochester,2022-12
B-25148,8141,3968,18,Office Supplies,Markers,Illinois,Peoria,2022-08
B-25148,1067,251,14,Furniture,Sofas,New York,Rochester,2022-12
B-25148,1067,251,14,Furniture,Sofas,Illinois,Peoria,2022-08
B-25830,3839,1415,10,Office Supplies,Binders,California,Los Angeles,2023-10
B-25830,3839,1415,10,Office Supplies,Binders,Florida,Orlando,2022-02
B-25762,2858,482,13,Electronics,Electronic Games,Texas,Austin,2024-05
B-26794,2137,638,12,Furniture,Bookcases,New York,New York City,2020-10
B-26794,2831,1289,12,Furniture,Chairs,New York,New York City,2020-10
B-25011,3913,961,15,Furniture,Sofas,Ohio,Columbus,2024-02
B-25011,3913,961,15,Furniture,Sofas,California,San Francisco,2021-02
B-25515,4468,1940,9,Office Supplies,Paper,Florida,Tampa,2022-03
B-25369,1579,602,9,Electronics,Laptops,Ohio,Cincinnati,2020-05
B-25369,1579,602,9,Electronics,Laptops,Texas,Dallas,2025-02
B-25369,1579,602,9,Electronics,Laptops,Ohio,Cincinnati,2021-11
B-25369,1579,602,9,Electronics,Laptops,New York,Rochester,2024-09
B-25369,3760,1849,19,Furniture,Chairs,Ohio,Cincinnati,2020-05
B-25369,3760,1849,19,Furniture,Chairs,Texas,Dallas,2025-02
B-25369,3760,1849,19,Furniture,Chairs,Ohio,Cincinnati,2021-11
B-25369,3760,1849,19,Furniture,Chairs,New York,Rochester,2024-09
B-26222,8706,3099,14,Office Supplies,Pens,Illinois,Chicago,2022-06
B-26222,4708,696,14,Electronics,Electronic Games,Illinois,Chicago,2022-06
B-26222,8089,3132,17,Furniture,Chairs,Illinois,Chicago,2022-06
B-25316,5462,673,12,Electronics,Printers,Texas,Austin,2022-11
B-25507,6392,444,18,Electronics,Electronic Games,Florida,Tampa,2023-11
B-25846,8706,1724,3,Electronics,Electronic Games,Florida,Orlando,2020-04
B-25763,2349,319,4,Office Supplies,Pens,Florida,Miami,2022-01
B-25763,8220,3882,14,Furniture,Chairs,Florida,Miami,2022-01
B-25763,2379,279,7,Furniture,Chairs,Florida,Miami,2022-01
B-25763,7377,2049,4,Office Supplies,Markers,Florida,Miami,2022-01
B-25465,717,158,16,Furniture,Tables,Ohio,Cleveland,2022-03
B-25465,717,158,16,Furniture,Tables,Florida,Miami,2020-06
B-25465,717,158,16,Furniture,Tables,New York,Buffalo,2022-12
B-25465,717,158,16,Furniture,Tables,New York,New York City,2024-11
B-25465,717,158,16,Furniture,Tables,Florida,Orlando,2020-11
B-25465,717,158,16,Furniture,Tables,New York,Rochester,2023-10
B-25465,508,177,17,Furniture,Sofas,Ohio,Cleveland,2022-03
B-25465,508,177,17,Furniture,Sofas,Florida,Miami,2020-06
B-25465,508,177,17,Furniture,Sofas,New York,Buffalo,2022-12
B-25465,508,177,17,Furniture,Sofas,New York,New York City,2024-11
B-25465,508,177,17,Furniture,Sofas,Florida,Orlando,2020-11
B-25465,508,177,17,Furniture,Sofas,New York,Rochester,2023-10
B-26352,9382,1085,3,Electronics,Printers,Illinois,Chicago,2023-07
B-26352,9382,1085,3,Electronics,Printers,New York,Rochester,2022-05
B-26352,4936,576,19,Furniture,Tables,Illinois,Chicago,2023-07
B-26352,4936,576,19,Furniture,Tables,New York,Rochester,2022-05
B-26528,2663,64,19,Furniture,Sofas,California,San Francisco,2024-06
B-26528,2663,64,19,Furniture,Sofas,Ohio,Cleveland,2021-10
B-26670,5151,1680,5,Electronics,Printers,Texas,Houston,2022-10
B-25331,2514,95,8,Office Supplies,Pens,New York,Rochester,2023-07
B-25832,6129,2976,2,Electronics,Laptops,New York,New York City,2025-02
B-25832,4395,1663,3,Furniture,Bookcases,New York,New York City,2025-02
B-25897,5393,2642,8,Furniture,Chairs,Ohio,Cincinnati,2021-03
B-25713,2280,509,8,Electronics,Phones,New York,Buffalo,2021-01
B-25065,6596,1439,9,Office Supplies,Paper,Ohio,Cincinnati,2023-05
B-25949,4510,1896,5,Office Supplies,Paper,California,Los Angeles,2023-10
B-26033,6077,2378,18,Electronics,Phones,New York,New York City,2022-08
B-26017,5379,2510,17,Electronics,Printers,Ohio,Columbus,2022-04
B-26926,4629,1660,16,Office Supplies,Markers,California,San Diego,2023-04
B-26258,2710,555,20,Electronics,Laptops,Illinois,Chicago,2024-10
B-26258,3224,1018,14,Office Supplies,Binders,Illinois,Chicago,2024-10
B-26240,8042,936,15,Office Supplies,Markers,Illinois,Springfield,2021-07
B-26240,8042,936,15,Office Supplies,Markers,California,Los Angeles,2022-04
B-26922,3957,151,10,Office Supplies,Binders,Texas,Austin,2022-04
B-26894,8769,3178,16,Office Supplies,Markers,Illinois,Chicago,2023-01
B-25330,2957,917,16,Office Supplies,Pens,Illinois,Chicago,2024-11
B-26288,5344,2607,6,Office Supplies,Paper,Texas,Dallas,2022-04
B-26288,5344,2607,6,Office Supplies,Paper,New York,Rochester,2025-02
B-25228,6061,2121,19,Electronics,Laptops,Ohio,Cleveland,2021-05
B-25228,6061,2121,19,Electronics,Laptops,California,San Diego,2022-01
B-26457,5376,1928,7,Furniture,Tables,New York,New York City,2025-01
B-25790,2792,1008,8,Electronics,Printers,Florida,Miami,2021-02
B-25868,2944,249,5,Office Supplies,Binders,Ohio,Columbus,2024-08
B-25868,2944,249,5,Office Supplies,Binders,Texas,Dallas,2022-12
B-25381,4220,945,13,Office Supplies,Markers,Illinois,Springfield,2024-03
B-25381,4220,945,13,Office Supplies,Markers,Illinois,Peoria,2020-12
B-25153,8526,1704,4,Office Supplies,Binders,Texas,Austin,2023-03
B-26576,8218,1430,19,Furniture,Bookcases,California,San Francisco,2023-06
B-26526,599,265,4,Electronics,Phones,New York,Buffalo,2022-07
B-26526,599,265,4,Electronics,Phones,New York,Rochester,2024-12
B-26526,2727,543,10,Furniture,Bookcases,New York,Buffalo,2022-07
B-26526,2727,543,10,Furniture,Bookcases,New York,Rochester,2024-12
B-25819,2589,605,11,Office Supplies,Pens,California,San Francisco,2023-11
B-25819,2589,605,11,Office Supplies,Pens,Ohio,Cleveland,2024-10
B-25698,3776,1100,9,Electronics,Electronic Games,Texas,Austin,2022-11
B-25698,3776,1100,9,Electronics,Electronic Games,Illinois,Peoria,2022-12
B-26820,5402,1666,12,Furniture,Bookcases,Ohio,Cleveland,2025-02
B-25396,5165,885,16,Office Supplies,Pens,Illinois,Peoria,2022-11
B-25396,4863,2394,4,Furniture,Bookcases,Illinois,Peoria,2022-11
B-25529,1626,258,15,Office Supplies,Pens,Florida,Orlando,2021-06
B-26501,8851,3962,7,Furniture,Tables,Florida,Miami,2020-09
B-26910,9680,3295,9,Furniture,Tables,New York,Rochester,2024-04
B-26910,8468,3666,8,Office Supplies,Pens,New York,Rochester,2024-04
B-26910,4441,314,14,Furniture,Chairs,New York,Rochester,2024-04
B-25978,6622,2673,8,Furniture,Sofas,New York,New York City,2024-04
B-26537,3260,207,17,Furniture,Tables,California,San Diego,2023-12
B-25881,8709,2322,8,Furniture,Tables,Texas,Austin,2024-05
B-25881,8709,2322,8,Furniture,Tables,California,San Francisco,2024-11
B-25237,5250,187,1,Office Supplies,Binders,Ohio,Cincinnati,2022-03
B-25237,5250,187,1,Office Supplies,Binders,Texas,Houston,2023-05
B-26122,4116,921,20,Office Supplies,Paper,California,Los Angeles,2024-10
B-26122,4116,921,20,Office Supplies,Paper,Illinois,Springfield,2020-09
B-25709,1109,418,15,Office Supplies,Paper,California,Los Angeles,2021-08
B-26656,3573,562,7,Office Supplies,Pens,New York,Rochester,2022-10
B-26656,3573,562,7,Office Supplies,Pens,California,San Diego,2020-05
B-26656,3573,562,7,Office Supplies,Pens,Florida,Tampa,2020-04
B-26656,8055,661,10,Electronics,Phones,New York,Rochester,2022-10
B-26656,8055,661,10,Electronics,Phones,California,San Diego,2020-05
B-26656,8055,661,10,Electronics,Phones,Florida,Tampa,2020-04
B-25801,6829,2609,2,Electronics,Laptops,California,San Francisco,2022-06
B-25801,6390,3089,12,Office Supplies,Paper,California,San Francisco,2022-06
B-25006,5831,1574,17,Office Supplies,Pens,California,San Francisco,2022-11
B-25006,5831,1574,17,Office Supplies,Pens,California,San Diego,2024-07
B-25006,5831,1574,17,Office Supplies,Pens,Florida,Miami,2023-07
B-26106,7952,3865,8,Furniture,Sofas,Illinois,Peoria,2020-08
B-25789,3659,379,5,Furniture,Bookcases,California,Los Angeles,2024-06
B-26292,4183,1159,4,Office Supplies,Pens,Illinois,Springfield,2020-07
B-25895,7478,1381,11,Electronics,Phones,Texas,Houston,2024-04
B-25813,702,238,9,Electronics,Phones,Florida,Tampa,2021-03
B-26863,4037,1494,15,Furniture,Chairs,California,San Francisco,2023-04
B-25759,5014,2332,2,Furniture,Chairs,Illinois,Chicago,2020-11
B-26357,9879,4930,15,Electronics,Laptops,New York,Rochester,2023-06
B-26819,8762,3502,1,Electronics,Phones,Florida,Tampa,2021-08
B-25502,8490,800,1,Office Supplies,Pens,New York,New York City,2020-05
B-25258,6951,164,10,Furniture,Sofas,New York,Buffalo,2021-08
B-26878,1078,309,3,Electronics,Phones,Ohio,Cleveland,2022-09
B-26878,1078,309,3,Electronics,Phones,Illinois,Chicago,2020-10
B-25170,8560,2166,19,Office Supplies,Binders,Florida,Tampa,2022-05
B-25170,1031,318,20,Electronics,Electronic Games,Florida,Tampa,2022-05
B-26842,6402,2770,19,Office Supplies,Markers,Florida,Orlando,2024-03
B-26842,6402,2770,19,Office Supplies,Markers,Florida,Orlando,2023-10
B-26842,5916,1594,19,Electronics,Printers,Florida,Orlando,2024-03
B-26842,5916,1594,19,Electronics,Printers,Florida,Orlando,2023-10
B-26599,4015,1751,15,Furniture,Chairs,California,San Francisco,2022-08
B-26599,4015,1751,15,Furniture,Chairs,New York,New York City,2020-09
B-25705,9335,557,11,Electronics,Electronic Games,California,Los Angeles,2021-04
B-26366,4706,594,11,Office Supplies,Binders,Ohio,Cleveland,2021-08
B-26366,4706,594,11,Office Supplies,Binders,Ohio,Columbus,2021-05
B-26366,6584,371,6,Office Supplies,Markers,Ohio,Cleveland,2021-08
B-26366,6584,371,6,Office Supplies,Markers,Ohio,Columbus,2021-05
B-26116,6389,734,1,Furniture,Sofas,Texas,Dallas,2022-01
B-26443,9869,4299,12,Electronics,Printers,California,San Diego,2023-03
B-26443,9869,4299,12,Electronics,Printers,New York,Buffalo,2023-12
B-25955,655,297,4,Office Supplies,Markers,New York,Buffalo,2022-02
B-25955,655,297,4,Office Supplies,Markers,Florida,Orlando,2023-11
B-26383,798,308,10,Electronics,Phones,New York,Buffalo,2023-01
B-26383,798,308,10,Electronics,Phones,Ohio,Cleveland,2023-05
B-26383,7967,2504,13,Electronics,Printers,New York,Buffalo,2023-01
B-26383,7967,2504,13,Electronics,Printers,Ohio,Cleveland,2023-05
B-26999,3756,1318,5,Furniture,Tables,Florida,Miami,2024-02
B-26712,5196,2477,1,Office Supplies,Markers,Texas,Austin,2021-12
B-26712,6586,1794,19,Furniture,Bookcases,Texas,Austin,2021-12
B-26066,6673,950,19,Office Supplies,Markers,New York,Buffalo,2024-12
B-25996,714,232,14,Furniture,Tables,Ohio,Columbus,2023-01
B-25996,714,232,14,Furniture,Tables,Texas,Austin,2020-12
B-26924,1083,501,6,Office Supplies,Pens,Texas,Austin,2021-02
B-25541,2401,1163,10,Furniture,Bookcases,Ohio,Cleveland,2023-05
B-25541,2401,1163,10,Furniture,Bookcases,California,Los Angeles,2020-04
B-25541,2401,1163,10,Furniture,Bookcases,New York,Rochester,2021-08
B-25541,1045,267,11,Electronics,Phones,Ohio,Cleveland,2023-05
B-25541,1045,267,11,Electronics,Phones,California,Los Angeles,2020-04
B-25541,1045,267,11,Electronics,Phones,New York,Rochester,2021-08
B-25196,7806,1127,1,Office Supplies,Markers,Texas,Dallas,2023-07
B-25855,5263,1743,19,Furniture,Sofas,Florida,Miami,2022-08
B-25071,6147,2526,6,Office Supplies,Pens,Texas,Dallas,2023-03
B-26159,7484,2871,15,Electronics,Phones,Florida,Orlando,2023-11
B-26159,7484,2871,15,Electronics,Phones,Illinois,Chicago,2024-04
B-26159,7700,2712,1,Furniture,Sofas,Florida,Orlando,2023-11
B-26159,7700,2712,1,Furniture,Sofas,Illinois,Chicago,2024-04
B-26228,8537,3586,13,Office Supplies,Markers,New York,Rochester,2022-09
B-25888,8858,3394,6,Furniture,Chairs,California,San Diego,2024-10
B-25574,5313,2037,7,Electronics,Printers,California,San Francisco,2024-11
B-25574,5313,2037,7,Electronics,Printers,Texas,Houston,2021-10
B-26938,3281,471,7,Furniture,Sofas,California,Los Angeles,2023-12
B-26938,3281,471,7,Furniture,Sofas,Illinois,Peoria,2023-06
B-26379,8681,2458,9,Office Supplies,Pens,New York,New York City,2020-09
B-26623,6195,1556,18,Furniture,Sofas,Illinois,Springfield,2025-02
B-25566,3877,481,16,Furniture,Chairs,New York,Rochester,2023-07
B-25566,3877,481,16,Furniture,Chairs,New York,New York City,2022-02
B-26740,9369,3297,6,Electronics,Printers,Florida,Orlando,2023-09
B-26740,9369,3297,6,Electronics,Printers,New York,New York City,2025-01
B-26740,8680,4068,20,Electronics,Printers,Florida,Orlando,2023-09
B-26740,8680,4068,20,Electronics,Printers,New York,New York City,2025-01
B-26740,3067,1475,8,Electronics,Laptops,Florida,Orlando,2023-09
B-26740,3067,1475,8,Electronics,Laptops,New York,New York City,2025-01
B-25024,9002,4197,2,Office Supplies,Markers,Ohio,Cincinnati,2025-01
B-25024,9002,4197,2,Office Supplies,Markers,Ohio,Columbus,2021-03
B-26367,7105,2782,19,Office Supplies,Pens,Ohio,Columbus,2021-12
B-26353,5317,1345,18,Furniture,Chairs,Ohio,Columbus,2023-02
B-26353,5317,1345,18,Furniture,Chairs,Florida,Orlando,2023-04
B-26353,5317,1345,18,Furniture,Chairs,California,San Francisco,2024-11
B-26353,6304,766,14,Furniture,Tables,Ohio,Columbus,2023-02
B-26353,6304,766,14,Furniture,Tables,Florida,Orlando,2023-04
B-26353,6304,766,14,Furniture,Tables,California,San Francisco,2024-11
B-25742,9565,1691,3,Office Supplies,Paper,Illinois,Springfield,2024-07
B-25742,8245,324,11,Office Supplies,Paper,Illinois,Springfield,2024-07
B-26965,1592,480,13,Electronics,Laptops,Ohio,Cleveland,2022-01
B-26038,8400,267,5,Electronics,Phones,Ohio,Columbus,2024-10
B-26038,4963,1254,15,Office Supplies,Paper,Ohio,Columbus,2024-10
B-25317,2472,211,5,Electronics,Printers,California,San Diego,2020-06
B-25970,9132,3096,14,Furniture,Chairs,Florida,Tampa,2023-12
B-25590,8305,1577,6,Office Supplies,Binders,New York,Rochester,2020-12
B-25580,1010,58,19,Electronics,Electronic Games,Florida,Tampa,2025-03
B-25443,4544,1726,9,Electronics,Phones,Texas,Dallas,2024-08
B-25443,5900,1738,20,Electronics,Phones,Texas,Dallas,2024-08
B-25774,8861,3381,19,Office Supplies,Markers,California,San Diego,2021-05
B-26505,8158,2052,13,Electronics,Phones,Ohio,Cincinnati,2020-09
B-25163,3411,1704,14,Office Supplies,Pens,California,Los Angeles,2025-01
B-26095,9406,1137,16,Office Supplies,Markers,Texas,Houston,2021-10
B-26095,1156,74,15,Electronics,Printers,Texas,Houston,2021-10
B-25768,5354,743,10,Furniture,Bookcases,Illinois,Springfield,2021-10
B-25328,8780,3430,4,Electronics,Electronic Games,Texas,Austin,2024-07
B-25328,8780,3430,4,Electronics,Electronic Games,Texas,Austin,2023-07
B-26573,6783,3306,8,Furniture,Sofas,Ohio,Columbus,2020-04
B-25138,1778,285,4,Office Supplies,Pens,New York,New York City,2020-07
B-26803,9399,1949,12,Electronics,Printers,New York,Rochester,2022-05
B-26803,7957,965,4,Furniture,Sofas,New York,Rochester,2022-05
B-25101,1638,661,13,Furniture,Chairs,Illinois,Springfield,2023-11
B-25827,1786,224,4,Furniture,Tables,Texas,Dallas,2021-08
B-25792,4751,781,9,Office Supplies,Paper,New York,Buffalo,2023-07
B-25646,8979,4477,4,Office Supplies,Paper,Illinois,Chicago,2020-08
B-25043,2727,663,8,Electronics,Phones,Florida,Miami,2022-11
B-26598,1093,397,17,Electronics,Printers,Illinois,Peoria,2024-03
B-26598,1093,397,17,Electronics,Printers,New York,Buffalo,2024-09
B-26598,1093,397,17,Electronics,Printers,Ohio,Columbus,2022-02
B-26598,2636,88,11,Office Supplies,Paper,Illinois,Peoria,2024-03
B-26598,2636,88,11,Office Supplies,Paper,New York,Buffalo,2024-09
B-26598,2636,88,11,Office Supplies,Paper,Ohio,Columbus,2022-02
B-26643,7344,2251,7,Electronics,Electronic Games,Florida,Miami,2022-02
B-26643,7306,1547,3,Office Supplies,Paper,Florida,Miami,2022-02
B-26643,5832,2588,10,Electronics,Printers,Florida,Miami,2022-02
B-25992,8572,2041,8,Furniture,Tables,Illinois,Springfield,2021-05
B-25992,8572,2041,8,Furniture,Tables,Illinois,Springfield,2023-07
B-25992,8572,2041,8,Furniture,Tables,California,San Diego,2020-10
B-25992,8059,1834,10,Electronics,Printers,Illinois,Springfield,2021-05
B-25992,8059,1834,10,Electronics,Printers,Illinois,Springfield,2023-07
B-25992,8059,1834,10,Electronics,Printers,California,San Diego,2020-10
B-25532,3661,436,13,Furniture,Sofas,Texas,Austin,2023-01
B-25564,2451,342,8,Office Supplies,Paper,California,Los Angeles,2021-09
B-25564,2451,342,8,Office Supplies,Paper,Ohio,Cincinnati,2021-11
B-25564,2451,342,8,Office Supplies,Paper,Texas,Houston,2024-07
B-26543,7067,1943,16,Furniture,Tables,California,San Francisco,2022-03
B-25976,4307,615,3,Electronics,Electronic Games,New York,New York City,2024-03
B-25976,4307,615,3,Electronics,Electronic Games,Illinois,Springfield,2020-11
B-25976,5694,1134,5,Furniture,Chairs,New York,New York City,2024-03
B-25976,5694,1134,5,Furniture,Chairs,Illinois,Springfield,2020-11
B-25929,962,298,18,Office Supplies,Binders,Illinois,Springfield,2022-07
B-25497,2995,220,14,Furniture,Bookcases,New York,Buffalo,2024-09
B-25497,2047,914,5,Office Supplies,Markers,New York,Buffalo,2024-09
B-26735,2078,612,6,Electronics,Laptops,Texas,Austin,2022-01
B-25036,2737,1253,3,Electronics,Printers,New York,New York City,2021-04
B-25971,8194,2881,6,Office Supplies,Paper,Texas,Houston,2021-07
B-25441,9914,3858,16,Furniture,Sofas,New York,Buffalo,2022-06
B-25441,9914,3858,16,Furniture,Sofas,New York,Rochester,2024-06
B-25441,5470,292,7,Office Supplies,Pens,New York,Buffalo,2022-06
B-25441,5470,292,7,Office Supplies,Pens,New York,Rochester,2024-06
B-25441,1496,662,17,Furniture,Bookcases,New York,Buffalo,2022-06
B-25441,1496,662,17,Furniture,Bookcases,New York,Rochester,2024-06
B-25823,3228,476,9,Office Supplies,Paper,New York,New York City,2022-09
B-25363,3918,749,8,Electronics,Laptops,California,San Diego,2023-05
B-25363,3918,749,8,Electronics,Laptops,Texas,Houston,2020-05
B-26445,9921,1451,15,Furniture,Sofas,Illinois,Chicago,2021-04
B-26724,9694,4361,1,Furniture,Chairs,Illinois,Springfield,2023-11
B-25447,5028,1553,13,Office Supplies,Paper,Florida,Tampa,2020-05
B-26904,594,67,19,Office Supplies,Paper,New York,Buffalo,2023-09
B-26904,594,67,19,Office Supplies,Paper,Florida,Miami,2024-01
B-26904,594,67,19,Office Supplies,Paper,Texas,Austin,2024-05
B-26456,5954,2618,11,Furniture,Tables,Ohio,Cincinnati,2024-03
B-25435,3518,1051,3,Furniture,Bookcases,California,San Francisco,2020-09
B-25435,4157,1874,8,Electronics,Laptops,California,San Francisco,2020-09
B-26279,3747,410,5,Office Supplies,Markers,Illinois,Springfield,2020-07
B-26279,3747,410,5,Office Supplies,Markers,New York,Buffalo,2022-12
B-26279,3747,410,5,Office Supplies,Markers,Ohio,Columbus,2024-03
B-26279,3747,410,5,Office Supplies,Markers,Illinois,Chicago,2023-02
B-26279,3747,410,5,Office Supplies,Markers,California,Los Angeles,2021-07
B-26279,3194,534,4,Office Supplies,Binders,Illinois,Springfield,2020-07
B-26279,3194,534,4,Office Supplies,Binders,New York,Buffalo,2022-12
B-26279,3194,534,4,Office Supplies,Binders,Ohio,Columbus,2024-03
B-26279,3194,534,4,Office Supplies,Binders,Illinois,Chicago,2023-02
B-26279,3194,534,4,Office Supplies,Binders,California,Los Angeles,2021-07
B-25770,8548,2305,1,Office Supplies,Binders,Florida,Tampa,2022-10
B-25715,6089,139,19,Furniture,Tables,Ohio,Cincinnati,2020-12
B-25715,6089,139,19,Furniture,Tables,Ohio,Cleveland,2022-04
B-25715,6089,139,19,Furniture,Tables,Illinois,Chicago,2023-04
B-25715,2586,800,16,Furniture,Tables,Ohio,Cincinnati,2020-12
B-25715,2586,800,16,Furniture,Tables,Ohio,Cleveland,2022-04
B-25715,2586,800,16,Furniture,Tables,Illinois,Chicago,2023-04
B-25715,3757,1626,9,Office Supplies,Paper,Ohio,Cincinnati,2020-12
B-25715,3757,1626,9,Office Supplies,Paper,Ohio,Cleveland,2022-04
B-25715,3757,1626,9,Office Supplies,Paper,Illinois,Chicago,2023-04
B-26961,5193,2530,5,Furniture,Sofas,California,San Diego,2021-10
B-26961,5193,2530,5,Furniture,Sofas,Florida,Miami,2024-12
B-25902,7493,96,3,Electronics,Electronic Games,Ohio,Cleveland,2020-08
B-26321,2062,848,6,Office Supplies,Markers,Florida,Tampa,2024-03
B-25612,7163,1536,1,Electronics,Phones,California,San Diego,2023-10
B-25605,4026,163,6,Electronics,Phones,New York,New York City,2023-07
B-25810,1894,275,5,Furniture,Chairs,Florida,Miami,2021-11
B-25810,7144,192,13,Electronics,Electronic Games,Florida,Miami,2021-11
B-25935,3482,1554,15,Electronics,Laptops,Ohio,Columbus,2020-09
B-26245,4172,235,5,Office Supplies,Paper,Ohio,Cleveland,2021-06
B-26245,4172,235,5,Office Supplies,Paper,Florida,Orlando,2022-08
B-26245,4172,235,5,Office Supplies,Paper,Illinois,Springfield,2024-04
B-25346,6265,155,8,Furniture,Sofas,Ohio,Cincinnati,2022-08
B-25346,6265,155,8,Furniture,Sofas,Ohio,Cleveland,2021-03
B-25594,2931,212,7,Electronics,Electronic Games,Illinois,Peoria,2024-06
B-25594,2931,212,7,Electronics,Electronic Games,Florida,Tampa,2023-12
B-25471,1146,188,9,Furniture,Chairs,Florida,Tampa,2024-11
B-25398,9215,767,13,Electronics,Printers,Florida,Tampa,2022-01
B-25398,9215,767,13,Electronics,Printers,California,San Francisco,2021-11
B-25999,7895,1005,1,Furniture,Chairs,Ohio,Cincinnati,2023-10
B-25999,7895,1005,1,Furniture,Chairs,California,San Diego,2025-03
B-25999,2740,558,8,Office Supplies,Pens,Ohio,Cincinnati,2023-10
B-25999,2740,558,8,Office Supplies,Pens,California,San Diego,2025-03
B-25159,5338,1354,16,Office Supplies,Markers,Illinois,Peoria,2024-08
B-25159,5338,1354,16,Office Supplies,Markers,New York,Buffalo,2023-06
B-25159,5338,1354,16,Office Supplies,Markers,Florida,Orlando,2024-10
B-25159,5338,1354,16,Office Supplies,Markers,New York,Buffalo,2021-01
B-25496,3095,941,2,Office Supplies,Pens,Ohio,Cleveland,2022-04
B-25496,3095,941,2,Office Supplies,Pens,Texas,Austin,2022-08
B-25401,6017,2230,13,Electronics,Printers,Illinois,Peoria,2023-08
B-25707,4904,469,2,Office Supplies,Pens,Texas,Dallas,2020-04
B-25707,3080,737,6,Office Supplies,Binders,Texas,Dallas,2020-04
B-26225,1992,355,2,Electronics,Phones,Florida,Tampa,2024-12
B-25662,5346,1246,17,Furniture,Sofas,Florida,Orlando,2022-07
B-25662,5346,1246,17,Furniture,Sofas,Florida,Miami,2022-05
B-26752,8422,893,18,Electronics,Printers,California,San Francisco,2022-08
B-26752,8422,893,18,Electronics,Printers,Ohio,Columbus,2022-08
B-26752,6105,1447,8,Furniture,Bookcases,California,San Francisco,2022-08
B-26752,6105,1447,8,Furniture,Bookcases,Ohio,Columbus,2022-08
B-25640,670,85,9,Office Supplies,Pens,Texas,Houston,2023-08
B-25030,4057,1012,6,Electronics,Laptops,California,San Diego,2022-09
B-25504,8178,2462,10,Office Supplies,Pens,California,Los Angeles,2023-08
B-26912,8752,1686,9,Furniture,Tables,Ohio,Cincinnati,2020-12
B-26912,8752,1686,9,Furniture,Tables,Illinois,Peoria,2023-09
B-26912,8752,1686,9,Furniture,Tables,Illinois,Chicago,2022-01
B-25193,8974,4441,16,Electronics,Printers,New York,New York City,2023-06
B-25106,9090,3098,16,Electronics,Phones,Texas,Dallas,2021-04
B-25106,9090,3098,16,Electronics,Phones,Illinois,Springfield,2024-05
B-25106,851,356,11,Electronics,Electronic Games,Texas,Dallas,2021-04
B-25106,851,356,11,Electronics,Electronic Games,Illinois,Springfield,2024-05
B-26835,5427,728,3,Electronics,Phones,Florida,Miami,2023-03
B-25836,2695,914,15,Furniture,Bookcases,Illinois,Peoria,2022-07
B-25836,2695,914,15,Furniture,Bookcases,California,Los Angeles,2021-06
B-26661,2386,999,3,Office Supplies,Pens,Florida,Miami,2024-02
B-26317,2284,149,20,Office Supplies,Pens,New York,Rochester,2021-08
B-26839,6034,608,8,Electronics,Phones,Texas,Houston,2022-05
B-26839,8956,3359,13,Furniture,Bookcases,Texas,Houston,2022-05
B-25735,7122,1982,7,Office Supplies,Markers,Illinois,Peoria,2024-03
B-25387,9775,4507,5,Office Supplies,Markers,Ohio,Cincinnati,2020-07
B-25192,3309,177,13,Furniture,Bookcases,Ohio,Cleveland,2020-12
B-26844,4163,897,14,Electronics,Electronic Games,Illinois,Springfield,2022-08
B-26844,4163,897,14,Electronics,Electronic Games,Ohio,Cleveland,2025-02
B-26844,4163,897,14,Electronics,Electronic Games,Florida,Orlando,2021-06
B-25236,5518,867,7,Furniture,Sofas,Texas,Houston,2022-12
B-25940,7566,606,6,Electronics,Phones,Ohio,Columbus,2025-01
B-25940,7566,606,6,Electronics,Phones,California,San Diego,2025-02
B-26765,762,92,11,Electronics,Printers,Illinois,Springfield,2023-01
B-26817,3316,126,6,Electronics,Laptops,Ohio,Cincinnati,2020-10
B-26522,5994,2826,9,Furniture,Bookcases,California,San Francisco,2023-05
B-26522,5994,2826,9,Furniture,Bookcases,California,Los Angeles,2024-03
B-26522,5994,2826,9,Furniture,Bookcases,New York,New York City,2024-03
B-25681,3854,245,19,Electronics,Laptops,Ohio,Columbus,2022-05
B-25382,7019,2677,15,Office Supplies,Markers,Florida,Miami,2020-12
B-25944,5954,2640,14,Electronics,Laptops,New York,New York City,2021-08
B-25944,5954,2640,14,Electronics,Laptops,Texas,Dallas,2022-10
B-26980,9752,3618,5,Furniture,Bookcases,New York,Rochester,2024-02
B-26980,9752,3618,5,Furniture,Bookcases,Illinois,Peoria,2022-10
B-25780,5335,322,15,Electronics,Electronic Games,New York,New York City,2022-05
B-25964,1454,80,20,Electronics,Electronic Games,New York,Rochester,2022-07
B-26767,6724,1539,19,Furniture,Bookcases,California,San Francisco,2021-12
B-26767,6724,1539,19,Furniture,Bookcases,Texas,Dallas,2021-06
B-25501,9874,3895,4,Office Supplies,Binders,Ohio,Cleveland,2025-02
B-26029,4918,1485,7,Electronics,Phones,Florida,Tampa,2023-02
B-25292,3189,1180,19,Office Supplies,Paper,New York,New York City,2021-12
B-25873,2684,713,2,Electronics,Electronic Games,New York,New York City,2024-06
B-25873,2684,713,2,Electronics,Electronic Games,New York,Buffalo,2022-06
B-25873,2684,713,2,Electronics,Electronic Games,Texas,Dallas,2020-05
B-25444,7626,229,5,Office Supplies,Pens,Illinois,Springfield,2024-02
B-25444,7626,229,5,Office Supplies,Pens,Ohio,Columbus,2020-11
B-26796,6669,3063,19,Electronics,Printers,Ohio,Cincinnati,2023-08
B-25537,6123,1686,3,Office Supplies,Markers,Ohio,Cincinnati,2022-05
B-26083,3265,1390,16,Office Supplies,Paper,California,Los Angeles,2024-01
B-25298,8104,1039,6,Office Supplies,Markers,Florida,Orlando,2021-11
B-25298,8104,1039,6,Office Supplies,Markers,Florida,Miami,2021-10
B-25298,8104,1039,6,Office Supplies,Markers,California,San Francisco,2025-01
B-26734,847,355,17,Furniture,Tables,New York,Buffalo,2022-05
B-26734,847,355,17,Furniture,Tables,Texas,Austin,2023-11
B-26734,847,355,17,Furniture,Tables,California,San Francisco,2023-01
B-25483,3129,55,9,Furniture,Bookcases,Illinois,Peoria,2021-09
B-25483,7821,3821,13,Electronics,Laptops,Illinois,Peoria,2021-09
B-26041,9498,256,12,Electronics,Phones,Illinois,Peoria,2021-02
B-26041,9498,256,12,Electronics,Phones,New York,New York City,2021-10
B-26750,5461,1214,7,Furniture,Sofas,New York,Rochester,2020-06
B-26138,3084,611,19,Furniture,Bookcases,Texas,Dallas,2024-05
B-26929,6087,3043,1,Furniture,Sofas,New York,Buffalo,2020-08
B-25359,611,300,3,Furniture,Bookcases,Illinois,Peoria,2020-10
B-25738,9909,2999,18,Office Supplies,Markers,Ohio,Cleveland,2021-05
B-25738,9909,2999,18,Office Supplies,Markers,Texas,Austin,2022-01
B-25931,6485,3178,18,Furniture,Sofas,Ohio,Columbus,2023-07
B-25706,7259,1969,10,Electronics,Laptops,Illinois,Springfield,2022-12
B-25352,3333,700,18,Electronics,Printers,Florida,Miami,2023-04
B-26909,7786,1202,4,Furniture,Sofas,Illinois,Peoria,2020-06
B-26296,7644,2428,6,Electronics,Phones,Illinois,Springfield,2022-01
B-26112,1476,247,5,Furniture,Bookcases,California,Los Angeles,2023-11
B-26112,1476,247,5,Furniture,Bookcases,California,San Diego,2022-01
B-26790,3445,1405,16,Furniture,Sofas,California,San Francisco,2020-09
B-26790,9837,384,1,Electronics,Laptops,California,San Francisco,2020-09
B-25986,1314,457,8,Furniture,Sofas,California,San Diego,2021-06
B-25630,5951,936,6,Electronics,Laptops,Texas,Dallas,2024-08
B-25630,5951,936,6,Electronics,Laptops,Ohio,Columbus,2022-07
B-26872,992,177,6,Electronics,Phones,California,Los Angeles,2024-01
B-26872,4699,625,18,Office Supplies,Markers,California,Los Angeles,2024-01
B-25870,5557,2114,17,Electronics,Laptops,Ohio,Cleveland,2021-05
B-25991,3436,933,3,Electronics,Electronic Games,Texas,Dallas,2021-06
B-25198,9840,3870,11,Electronics,Printers,Texas,Austin,2023-04
B-25189,7620,125,4,Office Supplies,Paper,California,San Francisco,2021-07
B-25189,7620,125,4,Office Supplies,Paper,California,San Francisco,2024-10
B-26563,4314,1591,5,Furniture,Tables,New York,Buffalo,2021-10
B-25548,8851,999,12,Electronics,Laptops,Ohio,Cincinnati,2024-02
B-25965,544,272,2,Electronics,Laptops,Texas,Houston,2021-03
B-25965,544,272,2,Electronics,Laptops,New York,Buffalo,2023-06
B-26545,537,142,20,Office Supplies,Markers,Illinois,Peoria,2021-08
B-26603,5944,2661,7,Electronics,Laptops,Texas,Austin,2022-03
B-26393,2258,135,18,Electronics,Printers,Florida,Miami,2024-02
B-26393,2258,135,18,Electronics,Printers,California,San Diego,2022-08
B-26628,9609,4339,3,Furniture,Sofas,Texas,Houston,2024-09
B-26628,9609,4339,3,Furniture,Sofas,Ohio,Cincinnati,2020-04
B-25945,9952,3301,15,Electronics,Electronic Games,Texas,Dallas,2023-03
B-26565,9873,4585,7,Office Supplies,Paper,Ohio,Columbus,2020-08
B-25684,3560,1335,15,Electronics,Electronic Games,New York,New York City,2020-04
B-25684,3560,1335,15,Electronics,Electronic Games,Illinois,Springfield,2023-03
B-26612,6528,76,9,Electronics,Phones,New York,Buffalo,2020-05
B-26612,8930,3374,12,Furniture,Sofas,New York,Buffalo,2020-05
B-25839,4521,1778,9,Office Supplies,Paper,Florida,Tampa,2024-10
B-25898,7091,2317,10,Furniture,Sofas,California,San Diego,2022-06
B-26120,2101,287,8,Office Supplies,Pens,Ohio,Cleveland,2020-07
B-26120,2101,287,8,Office Supplies,Pens,Illinois,Chicago,2023-04
B-26426,8644,1968,9,Office Supplies,Paper,Illinois,Chicago,2023-11
B-26309,6672,3319,4,Furniture,Tables,Texas,Dallas,2023-11
B-26309,6672,3319,4,Furniture,Tables,California,San Diego,2024-05
B-26789,4699,103,12,Office Supplies,Binders,Ohio,Cincinnati,2024-05
B-26420,4897,1001,14,Furniture,Sofas,Texas,Houston,2021-12
B-26420,4897,1001,14,Furniture,Sofas,Ohio,Cincinnati,2025-01
B-26257,5460,2088,14,Furniture,Tables,New York,Buffalo,2022-07
B-26257,5460,2088,14,Furniture,Tables,Ohio,Cincinnati,2020-04
B-25603,9272,1771,19,Office Supplies,Markers,Illinois,Springfield,2024-11
B-25603,9272,1771,19,Office Supplies,Markers,Texas,Dallas,2020-04
B-25010,7870,1057,15,Office Supplies,Pens,Texas,Houston,2023-10
B-25010,7870,1057,15,Office Supplies,Pens,Ohio,Cleveland,2021-03
B-25889,7992,893,12,Electronics,Laptops,Ohio,Cleveland,2024-09
B-25889,7992,893,12,Electronics,Laptops,New York,New York City,2023-05
B-25889,7992,893,12,Electronics,Laptops,Illinois,Chicago,2023-05
B-26675,6499,2189,18,Electronics,Electronic Games,New York,New York City,2024-06
B-26675,6499,2189,18,Electronics,Electronic Games,Florida,Orlando,2021-04
B-26168,8848,2090,9,Office Supplies,Pens,California,San Diego,2025-01
B-25436,8044,3634,3,Office Supplies,Markers,Florida,Orlando,2020-12
B-25436,8044,3634,3,Office Supplies,Markers,California,San Diego,2022-10
B-25794,7417,1334,16,Furniture,Bookcases,Florida,Tampa,2021-10
B-26495,3451,658,3,Office Supplies,Markers,Illinois,Chicago,2024-12
B-25815,8531,2555,4,Electronics,Laptops,Texas,Austin,2022-05
B-25022,6646,848,15,Furniture,Sofas,New York,New York City,2023-08
B-25022,6646,848,15,Furniture,Sofas,New York,Buffalo,2023-07
B-26928,2553,907,6,Electronics,Laptops,Texas,Dallas,2023-06
B-25905,8490,3485,3,Electronics,Phones,New York,New York City,2023-03
B-26739,2689,1330,3,Furniture,Tables,California,Los Angeles,2020-12
B-26739,2689,1330,3,Furniture,Tables,Florida,Miami,2024-05
B-25697,815,54,14,Furniture,Tables,California,San Francisco,2021-05
B-25234,5024,379,2,Office Supplies,Paper,Texas,Dallas,2024-04
B-25234,5024,379,2,Office Supplies,Paper,Illinois,Peoria,2022-12
B-25665,8962,2444,18,Electronics,Electronic Games,Ohio,Cleveland,2021-07
B-25665,8962,2444,18,Electronics,Electronic Games,Illinois,Peoria,2020-03
B-25028,1961,59,12,Office Supplies,Binders,Florida,Orlando,2020-08
B-26659,526,83,4,Furniture,Sofas,Illinois,Chicago,2022-02
B-25966,6093,3042,9,Furniture,Bookcases,California,San Francisco,2021-06
B-25966,6093,3042,9,Furniture,Bookcases,California,San Diego,2021-03
B-25350,7699,246,5,Electronics,Electronic Games,Texas,Austin,2023-09
B-26370,8825,3594,15,Furniture,Tables,New York,New York City,2024-07
B-26298,2082,642,8,Electronics,Phones,New York,Rochester,2020-06
B-26298,2082,642,8,Electronics,Phones,Texas,Austin,2022-12
B-26298,2082,642,8,Electronics,Phones,New York,Buffalo,2020-08
B-25068,914,163,13,Office Supplies,Markers,Illinois,Chicago,2024-10
